,Date,DFF,Inflation_Rate
1,1/2/08,4.11,2.32
2,1/3/08,4.25,2.33
3,1/4/08,4.18,2.32
6,1/7/08,4.27,2.29
7,1/8/08,4.27,2.29
8,1/9/08,4.26,2.26
9,1/10/08,4.26,2.23
10,1/11/08,4.23,2.26
13,1/14/08,4.24,2.28
14,1/15/08,4.24,2.27
15,1/16/08,4.22,2.24
16,1/17/08,4.23,2.23
17,1/18/08,4.17,2.24
20,1/21/08,4.17,.
21,1/22/08,3.68,2.24
22,1/23/08,3.43,2.2
23,1/24/08,3.47,2.24
24,1/25/08,3.6,2.27
27,1/28/08,3.5,2.28
28,1/29/08,3.47,2.32
29,1/30/08,3.26,2.33
30,1/31/08,3.22,2.34
31,2/1/08,3.12,2.31
34,2/4/08,2.82,2.3
35,2/5/08,2.71,2.27
36,2/6/08,2.94,2.25
37,2/7/08,3.03,2.27
38,2/8/08,3.05,2.28
41,2/11/08,2.88,2.3
42,2/12/08,2.91,2.3
43,2/13/08,3.02,2.28
44,2/14/08,3.03,2.28
45,2/15/08,2.97,2.28
48,2/18/08,2.97,.
49,2/19/08,2.94,2.33
50,2/20/08,3.0,2.38
51,2/21/08,3.01,2.34
52,2/22/08,2.97,2.35
55,2/25/08,3.0,2.38
56,2/26/08,2.85,2.44
57,2/27/08,2.93,2.43
58,2/28/08,3.06,2.45
59,2/29/08,3.01,2.43
62,3/3/08,3.1,2.46
63,3/4/08,2.9,2.48
64,3/5/08,2.93,2.54
65,3/6/08,2.99,2.55
66,3/7/08,2.96,2.55
69,3/10/08,2.99,2.56
70,3/11/08,2.95,2.55
71,3/12/08,2.97,2.54
72,3/13/08,2.98,2.51
73,3/14/08,2.99,2.43
76,3/17/08,2.69,2.29
77,3/18/08,2.16,2.4
78,3/19/08,2.08,2.34
79,3/20/08,2.22,2.32
80,3/21/08,2.08,.
83,3/24/08,2.08,2.32
84,3/25/08,2.42,2.26
85,3/26/08,2.3,2.27
86,3/27/08,2.27,2.33
87,3/28/08,2.09,2.34
90,3/31/08,2.51,2.34
91,4/1/08,2.38,2.35
92,4/2/08,2.18,2.34
93,4/3/08,2.19,2.33
94,4/4/08,2.26,2.32
97,4/7/08,2.24,2.34
98,4/8/08,2.23,2.32
99,4/9/08,2.2,2.3
100,4/10/08,2.3,2.29
101,4/11/08,2.37,2.3
104,4/14/08,2.32,2.3
105,4/15/08,2.32,2.32
106,4/16/08,2.35,2.31
107,4/17/08,2.37,2.31
108,4/18/08,2.32,2.32
111,4/21/08,2.28,2.31
112,4/22/08,1.99,2.31
113,4/23/08,2.18,2.33
114,4/24/08,2.26,2.31
115,4/25/08,2.28,2.31
118,4/28/08,2.29,2.3
119,4/29/08,2.21,2.29
120,4/30/08,2.37,2.27
121,5/1/08,2.16,2.26
122,5/2/08,1.88,2.36
125,5/5/08,1.85,2.35
126,5/6/08,1.91,2.38
127,5/7/08,2.01,2.36
128,5/8/08,1.99,2.36
129,5/9/08,1.97,2.38
132,5/12/08,1.88,2.37
133,5/13/08,1.93,2.39
134,5/14/08,2.03,2.43
135,5/15/08,2.03,2.43
136,5/16/08,1.91,2.44
139,5/19/08,1.95,2.47
140,5/20/08,1.99,2.47
141,5/21/08,2.03,2.51
142,5/22/08,2.05,2.51
143,5/23/08,1.99,2.49
146,5/26/08,1.99,.
147,5/27/08,2.23,2.47
148,5/28/08,2.08,2.45
149,5/29/08,2.01,2.46
150,5/30/08,1.98,2.48
153,6/2/08,2.06,2.47
154,6/3/08,1.95,2.41
155,6/4/08,1.98,2.39
156,6/5/08,1.98,2.43
157,6/6/08,2.01,2.47
160,6/9/08,2.02,2.48
161,6/10/08,1.96,2.49
162,6/11/08,1.95,2.48
163,6/12/08,2.01,2.5
164,6/13/08,2.02,2.5
167,6/16/08,2.06,2.49
168,6/17/08,1.87,2.48
169,6/18/08,1.84,2.48
170,6/19/08,1.94,2.47
171,6/20/08,1.99,2.44
174,6/23/08,1.98,2.44
175,6/24/08,1.93,2.46
176,6/25/08,1.97,2.47
177,6/26/08,2.05,2.52
178,6/27/08,1.99,2.51
181,6/30/08,2.47,2.51
182,7/1/08,2.11,2.52
183,7/2/08,1.95,2.56
184,7/3/08,1.92,2.57
185,7/4/08,1.92,.
188,7/7/08,1.99,2.52
189,7/8/08,1.97,2.46
190,7/9/08,1.99,2.46
191,7/10/08,2.01,2.43
192,7/11/08,1.97,2.48
195,7/14/08,2.06,2.47
196,7/15/08,2.16,2.47
197,7/16/08,1.95,2.49
198,7/17/08,2.03,2.47
199,7/18/08,1.96,2.46
202,7/21/08,1.98,2.43
203,7/22/08,1.97,2.43
204,7/23/08,2.04,2.36
205,7/24/08,2.06,2.34
206,7/25/08,2.13,2.34
209,7/28/08,2.0,2.36
210,7/29/08,2.05,2.33
211,7/30/08,2.03,2.36
212,7/31/08,2.09,2.34
213,8/1/08,2.04,2.34
216,8/4/08,1.97,2.34
217,8/5/08,1.97,2.3
218,8/6/08,2.01,2.27
219,8/7/08,1.96,2.24
220,8/8/08,2.01,2.22
223,8/11/08,1.99,2.19
224,8/12/08,1.95,2.19
225,8/13/08,1.98,2.19
226,8/14/08,2.09,2.22
227,8/15/08,2.08,2.18
230,8/18/08,1.91,2.15
231,8/19/08,1.94,2.15
232,8/20/08,1.98,2.19
233,8/21/08,2.01,2.23
234,8/22/08,2.02,2.18
237,8/25/08,2.01,2.15
238,8/26/08,1.88,2.16
239,8/27/08,1.98,2.19
240,8/28/08,1.99,2.17
241,8/29/08,1.94,2.15
244,9/1/08,1.94,.
245,9/2/08,1.96,2.05
246,9/3/08,2.01,2
247,9/4/08,1.99,1.94
248,9/5/08,1.97,1.95
251,9/8/08,1.92,1.98
252,9/9/08,1.96,1.93
253,9/10/08,2.12,1.95
254,9/11/08,2.0,1.97
255,9/12/08,2.1,1.95
258,9/15/08,2.64,1.77
259,9/16/08,1.98,1.63
260,9/17/08,2.8,1.6
261,9/18/08,2.16,1.6
262,9/19/08,1.48,1.93
265,9/22/08,1.51,1.98
266,9/23/08,1.46,1.86
267,9/24/08,1.19,1.75
268,9/25/08,1.23,1.79
269,9/26/08,1.08,1.75
272,9/29/08,1.56,1.58
273,9/30/08,2.03,1.6
274,10/1/08,1.15,1.51
275,10/2/08,0.67,1.49
276,10/3/08,1.1,1.45
279,10/6/08,1.96,1.27
280,10/7/08,2.97,1.18
281,10/8/08,2.24,1.03
282,10/9/08,1.4,1.05
283,10/10/08,0.79,0.92
286,10/13/08,0.79,.
287,10/14/08,1.1,1.03
288,10/15/08,1.04,1.02
289,10/16/08,0.83,0.97
290,10/17/08,0.6,1.11
293,10/20/08,0.7,1.15
294,10/21/08,0.67,1.13
295,10/22/08,0.81,1.06
296,10/23/08,0.93,0.96
297,10/24/08,0.95,0.74
300,10/27/08,0.92,0.77
301,10/28/08,0.67,0.83
302,10/29/08,0.36,0.88
303,10/30/08,0.3,0.94
304,10/31/08,0.22,0.87
307,11/3/08,0.23,0.87
308,11/4/08,0.23,0.93
309,11/5/08,0.23,0.97
310,11/6/08,0.23,0.94
311,11/7/08,0.27,0.97
314,11/10/08,0.29,0.98
315,11/11/08,0.29,.
316,11/12/08,0.35,0.96
317,11/13/08,0.35,0.89
318,11/14/08,0.34,0.85
321,11/17/08,0.37,0.83
322,11/18/08,0.38,0.61
323,11/19/08,0.38,0.4
324,11/20/08,0.49,0.04
325,11/21/08,0.57,0.05
328,11/24/08,0.62,0.24
329,11/25/08,0.59,0.32
330,11/26/08,0.53,0.31
331,11/27/08,0.53,.
332,11/28/08,0.52,0.33
335,12/1/08,0.52,0.34
336,12/2/08,0.47,0.42
337,12/3/08,0.36,0.53
338,12/4/08,0.2,0.57
339,12/5/08,0.12,0.44
342,12/8/08,0.12,0.3
343,12/9/08,0.13,0.26
344,12/10/08,0.11,0.25
345,12/11/08,0.14,0.29
346,12/12/08,0.15,0.17
349,12/15/08,0.18,0.1
350,12/16/08,0.17,0.16
351,12/17/08,0.12,0.34
352,12/18/08,0.11,0.23
353,12/19/08,0.11,0.15
356,12/22/08,0.11,0.15
357,12/23/08,0.11,0.15
358,12/24/08,0.11,0.13
359,12/25/08,0.11,.
360,12/26/08,0.09,0.13
363,12/29/08,0.1,0.11
364,12/30/08,0.09,0.09
365,12/31/08,0.14,0.11
366,1/1/09,0.14,.
367,1/2/09,0.08,0.17
370,1/5/09,0.11,0.15
371,1/6/09,0.09,0.42
372,1/7/09,0.11,0.47
373,1/8/09,0.1,0.5
374,1/9/09,0.09,0.56
377,1/12/09,0.1,0.59
378,1/13/09,0.1,0.59
379,1/14/09,0.15,0.45
380,1/15/09,0.18,0.45
381,1/16/09,0.19,0.55
384,1/19/09,0.19,.
385,1/20/09,0.2,0.58
386,1/21/09,0.23,0.58
387,1/22/09,0.21,0.65
388,1/23/09,0.18,0.72
391,1/26/09,0.19,0.78
392,1/27/09,0.18,0.82
393,1/28/09,0.19,0.9
394,1/29/09,0.23,1.04
395,1/30/09,0.23,1.14
398,2/2/09,0.24,1.07
399,2/3/09,0.24,1.13
400,2/4/09,0.24,1.17
401,2/5/09,0.23,1.11
402,2/6/09,0.23,1.23
405,2/9/09,0.22,1.41
406,2/10/09,0.24,1.25
407,2/11/09,0.22,1.12
408,2/12/09,0.23,1.14
409,2/13/09,0.22,1.21
412,2/16/09,0.22,.
413,2/17/09,0.25,1.11
414,2/18/09,0.23,1.11
415,2/19/09,0.21,1.12
416,2/20/09,0.2,1.11
419,2/23/09,0.19,1.08
420,2/24/09,0.21,0.98
421,2/25/09,0.21,0.97
422,2/26/09,0.22,0.96
423,2/27/09,0.22,0.96
426,3/2/09,0.22,0.91
427,3/3/09,0.2,0.91
428,3/4/09,0.21,0.92
429,3/5/09,0.2,0.85
430,3/6/09,0.2,0.81
433,3/9/09,0.2,0.83
434,3/10/09,0.2,0.84
435,3/11/09,0.19,0.92
436,3/12/09,0.18,1.01
437,3/13/09,0.15,1.02
440,3/16/09,0.2,1.09
441,3/17/09,0.2,1.12
442,3/18/09,0.18,1.23
443,3/19/09,0.17,1.3
444,3/20/09,0.18,1.22
447,3/23/09,0.17,1.28
448,3/24/09,0.17,1.32
449,3/25/09,0.17,1.37
450,3/26/09,0.16,1.46
451,3/27/09,0.15,1.4
454,3/30/09,0.16,1.34
455,3/31/09,0.16,1.28
456,4/1/09,0.16,1.31
457,4/2/09,0.16,1.33
458,4/3/09,0.13,1.38
461,4/6/09,0.14,1.43
462,4/7/09,0.14,1.32
463,4/8/09,0.14,1.29
464,4/9/09,0.14,1.34
465,4/10/09,0.15,.
468,4/13/09,0.13,1.33
469,4/14/09,0.16,1.28
470,4/15/09,0.16,1.27
471,4/16/09,0.15,1.27
472,4/17/09,0.13,1.28
475,4/20/09,0.14,1.22
476,4/21/09,0.15,1.25
477,4/22/09,0.15,1.33
478,4/23/09,0.17,1.44
479,4/24/09,0.16,1.5
482,4/27/09,0.17,1.47
483,4/28/09,0.16,1.51
484,4/29/09,0.18,1.53
485,4/30/09,0.2,1.47
486,5/1/09,0.22,1.41
489,5/4/09,0.22,1.42
490,5/5/09,0.2,1.43
491,5/6/09,0.18,1.44
492,5/7/09,0.18,1.55
493,5/8/09,0.17,1.52
496,5/11/09,0.17,1.47
497,5/12/09,0.16,1.48
498,5/13/09,0.16,1.44
499,5/14/09,0.16,1.42
500,5/15/09,0.17,1.48
503,5/18/09,0.16,1.56
504,5/19/09,0.15,1.6
505,5/20/09,0.14,1.63
506,5/21/09,0.17,1.68
507,5/22/09,0.17,1.73
510,5/25/09,0.17,.
511,5/26/09,0.18,1.78
512,5/27/09,0.17,1.88
513,5/28/09,0.17,1.8
514,5/29/09,0.19,1.8
517,6/1/09,0.21,1.91
518,6/2/09,0.2,1.96
519,6/3/09,0.21,1.88
520,6/4/09,0.2,1.89
521,6/5/09,0.21,1.96
524,6/8/09,0.21,1.97
525,6/9/09,0.18,1.98
526,6/10/09,0.18,2.07
527,6/11/09,0.17,1.99
528,6/12/09,0.17,1.9
531,6/15/09,0.22,1.86
532,6/16/09,0.22,1.79
533,6/17/09,0.24,1.73
534,6/18/09,0.25,1.88
535,6/19/09,0.25,1.88
538,6/22/09,0.24,1.83
539,6/23/09,0.24,1.81
540,6/24/09,0.21,1.79
541,6/25/09,0.19,1.73
542,6/26/09,0.18,1.67
545,6/29/09,0.17,1.68
546,6/30/09,0.22,1.75
547,7/1/09,0.2,1.72
548,7/2/09,0.17,1.64
549,7/3/09,0.16,.
552,7/6/09,0.18,1.49
553,7/7/09,0.18,1.6
554,7/8/09,0.16,1.54
555,7/9/09,0.15,1.57
556,7/10/09,0.15,1.52
559,7/13/09,0.13,1.54
560,7/14/09,0.13,1.64
561,7/15/09,0.14,1.76
562,7/16/09,0.15,1.77
563,7/17/09,0.15,1.86
566,7/20/09,0.15,1.88
567,7/21/09,0.14,1.79
568,7/22/09,0.14,1.83
569,7/23/09,0.15,1.92
570,7/24/09,0.15,1.89
573,7/27/09,0.16,1.9
574,7/28/09,0.15,1.86
575,7/29/09,0.17,1.85
576,7/30/09,0.17,1.89
577,7/31/09,0.18,1.81
580,8/3/09,0.18,1.88
581,8/4/09,0.17,1.89
582,8/5/09,0.17,1.95
583,8/6/09,0.17,1.92
584,8/7/09,0.17,2.01
587,8/10/09,0.17,1.97
588,8/11/09,0.16,1.91
589,8/12/09,0.15,1.88
590,8/13/09,0.15,1.79
591,8/14/09,0.15,1.7
594,8/17/09,0.17,1.69
595,8/18/09,0.17,1.73
596,8/19/09,0.17,1.75
597,8/20/09,0.17,1.82
598,8/21/09,0.16,1.87
601,8/24/09,0.16,1.81
602,8/25/09,0.15,1.73
603,8/26/09,0.15,1.72
604,8/27/09,0.14,1.72
605,8/28/09,0.14,1.7
608,8/31/09,0.15,1.64
609,9/1/09,0.15,1.64
610,9/2/09,0.16,1.58
611,9/3/09,0.15,1.64
612,9/4/09,0.15,1.75
615,9/7/09,0.15,.
616,9/8/09,0.15,1.81
617,9/9/09,0.15,1.82
618,9/10/09,0.16,1.77
619,9/11/09,0.15,1.75
622,9/14/09,0.16,1.77
623,9/15/09,0.17,1.83
624,9/16/09,0.17,1.86
625,9/17/09,0.16,1.8
626,9/18/09,0.16,1.81
629,9/21/09,0.15,1.8
630,9/22/09,0.15,1.81
631,9/23/09,0.15,1.81
632,9/24/09,0.14,1.76
633,9/25/09,0.13,1.74
636,9/28/09,0.13,1.74
637,9/29/09,0.11,1.72
638,9/30/09,0.07,1.75
639,10/1/09,0.11,1.71
640,10/2/09,0.13,1.7
643,10/5/09,0.13,1.73
644,10/6/09,0.12,1.74
645,10/7/09,0.13,1.76
646,10/8/09,0.12,1.78
647,10/9/09,0.12,1.84
650,10/12/09,0.12,.
651,10/13/09,0.12,1.88
652,10/14/09,0.12,1.94
653,10/15/09,0.13,1.99
654,10/16/09,0.12,1.98
657,10/19/09,0.12,2.03
658,10/20/09,0.12,1.98
659,10/21/09,0.11,1.99
660,10/22/09,0.11,1.95
661,10/23/09,0.11,2
664,10/26/09,0.11,2
665,10/27/09,0.11,2
666,10/28/09,0.11,1.96
667,10/29/09,0.11,2.03
668,10/30/09,0.11,2
671,11/2/09,0.12,2.04
672,11/3/09,0.12,2.05
673,11/4/09,0.13,2.12
674,11/5/09,0.13,2.16
675,11/6/09,0.12,2.17
678,11/9/09,0.12,2.22
679,11/10/09,0.13,2.19
680,11/11/09,0.13,.
681,11/12/09,0.12,2.12
682,11/13/09,0.12,2.12
685,11/16/09,0.12,2.12
686,11/17/09,0.12,2.13
687,11/18/09,0.11,2.15
688,11/19/09,0.11,2.14
689,11/20/09,0.11,2.15
692,11/23/09,0.12,2.17
693,11/24/09,0.12,2.11
694,11/25/09,0.11,2.12
695,11/26/09,0.11,.
696,11/27/09,0.12,2.06
699,11/30/09,0.13,2.08
700,12/1/09,0.13,2.14
701,12/2/09,0.13,2.14
702,12/3/09,0.13,2.15
703,12/4/09,0.12,2.14
706,12/7/09,0.12,2.13
707,12/8/09,0.12,2.09
708,12/9/09,0.12,2.09
709,12/10/09,0.12,2.09
710,12/11/09,0.12,2.14
713,12/14/09,0.12,2.19
714,12/15/09,0.13,2.23
715,12/16/09,0.14,2.27
716,12/17/09,0.13,2.22
717,12/18/09,0.12,2.24
720,12/21/09,0.12,2.3
721,12/22/09,0.12,2.33
722,12/23/09,0.11,2.31
723,12/24/09,0.11,2.32
724,12/25/09,0.11,.
727,12/28/09,0.12,2.35
728,12/29/09,0.12,2.36
729,12/30/09,0.11,2.36
730,12/31/09,0.05,2.37
731,1/1/10,0.05,.
734,1/4/10,0.12,2.38
735,1/5/10,0.12,2.34
736,1/6/10,0.12,2.37
737,1/7/10,0.1,2.41
738,1/8/10,0.11,2.42
741,1/11/10,0.11,2.38
742,1/12/10,0.11,2.39
743,1/13/10,0.11,2.37
744,1/14/10,0.11,2.36
745,1/15/10,0.12,2.36
748,1/18/10,0.12,.
749,1/19/10,0.13,2.38
750,1/20/10,0.13,2.37
751,1/21/10,0.12,2.33
752,1/22/10,0.11,2.31
755,1/25/10,0.12,2.33
756,1/26/10,0.12,2.34
757,1/27/10,0.12,2.31
758,1/28/10,0.12,2.33
759,1/29/10,0.12,2.33
762,2/1/10,0.14,2.39
763,2/2/10,0.14,2.41
764,2/3/10,0.13,2.43
765,2/4/10,0.14,2.35
766,2/5/10,0.13,2.27
769,2/8/10,0.13,2.27
770,2/9/10,0.13,2.3
771,2/10/10,0.12,2.28
772,2/11/10,0.12,2.26
773,2/12/10,0.12,2.23
776,2/15/10,0.12,.
777,2/16/10,0.13,2.24
778,2/17/10,0.12,2.28
779,2/18/10,0.12,2.31
780,2/19/10,0.13,2.26
783,2/22/10,0.12,2.25
784,2/23/10,0.12,2.19
785,2/24/10,0.11,2.19
786,2/25/10,0.12,2.13
787,2/26/10,0.13,2.13
790,3/1/10,0.14,2.15
791,3/2/10,0.14,2.16
792,3/3/10,0.15,2.17
793,3/4/10,0.16,2.17
794,3/5/10,0.17,2.21
797,3/8/10,0.15,2.23
798,3/9/10,0.14,2.23
799,3/10/10,0.14,2.24
800,3/11/10,0.15,2.24
801,3/12/10,0.17,2.26
804,3/15/10,0.2,2.25
805,3/16/10,0.2,2.24
806,3/17/10,0.18,2.25
807,3/18/10,0.18,2.23
808,3/19/10,0.18,2.2
811,3/22/10,0.18,2.19
812,3/23/10,0.17,2.2
813,3/24/10,0.17,2.24
814,3/25/10,0.17,2.26
815,3/26/10,0.17,2.24
818,3/29/10,0.16,2.22
819,3/30/10,0.16,2.22
820,3/31/10,0.09,2.24
821,4/1/10,0.17,2.28
822,4/2/10,0.2,2.27
825,4/5/10,0.2,2.31
826,4/6/10,0.2,2.3
827,4/7/10,0.19,2.34
828,4/8/10,0.19,2.33
829,4/9/10,0.19,2.34
832,4/12/10,0.19,2.35
833,4/13/10,0.2,2.34
834,4/14/10,0.2,2.34
835,4/15/10,0.22,2.37
836,4/16/10,0.21,2.33
839,4/19/10,0.2,2.34
840,4/20/10,0.2,2.35
841,4/21/10,0.2,2.35
842,4/22/10,0.2,2.34
843,4/23/10,0.2,2.37
846,4/26/10,0.2,2.37
847,4/27/10,0.2,2.34
848,4/28/10,0.2,2.4
849,4/29/10,0.19,2.45
850,4/30/10,0.2,2.4
853,5/3/10,0.2,2.4
854,5/4/10,0.21,2.32
855,5/5/10,0.21,2.28
856,5/6/10,0.2,2.16
857,5/7/10,0.2,2.15
860,5/10/10,0.2,2.24
861,5/11/10,0.2,2.25
862,5/12/10,0.2,2.28
863,5/13/10,0.2,2.27
864,5/14/10,0.2,2.18
867,5/17/10,0.21,2.16
868,5/18/10,0.21,2.13
869,5/19/10,0.2,2.04
870,5/20/10,0.2,1.89
871,5/21/10,0.2,1.87
874,5/24/10,0.21,1.88
875,5/25/10,0.21,1.85
876,5/26/10,0.2,1.91
877,5/27/10,0.2,2.01
878,5/28/10,0.19,1.99
881,5/31/10,0.19,.
882,6/1/10,0.2,1.97
883,6/2/10,0.2,1.99
884,6/3/10,0.19,2.05
885,6/4/10,0.19,1.94
888,6/7/10,0.19,1.92
889,6/8/10,0.19,1.89
890,6/9/10,0.18,1.92
891,6/10/10,0.18,1.98
892,6/11/10,0.18,1.95
895,6/14/10,0.18,1.97
896,6/15/10,0.19,2
897,6/16/10,0.19,1.99
898,6/17/10,0.19,1.99
899,6/18/10,0.18,1.99
902,6/21/10,0.17,2.02
903,6/22/10,0.18,1.98
904,6/23/10,0.17,1.94
905,6/24/10,0.16,1.91
906,6/25/10,0.16,1.91
909,6/28/10,0.17,1.88
910,6/29/10,0.15,1.83
911,6/30/10,0.09,1.82
912,7/1/10,0.17,1.75
913,7/2/10,0.18,1.73
916,7/5/10,0.18,.
917,7/6/10,0.18,1.69
918,7/7/10,0.18,1.7
919,7/8/10,0.17,1.79
920,7/9/10,0.18,1.81
923,7/12/10,0.17,1.82
924,7/13/10,0.17,1.87
925,7/14/10,0.17,1.84
926,7/15/10,0.19,1.79
927,7/16/10,0.19,1.71
930,7/19/10,0.19,1.7
931,7/20/10,0.18,1.7
932,7/21/10,0.18,1.71
933,7/22/10,0.18,1.75
934,7/23/10,0.19,1.78
937,7/26/10,0.19,1.79
938,7/27/10,0.19,1.82
939,7/28/10,0.2,1.81
940,7/29/10,0.19,1.82
941,7/30/10,0.18,1.8
944,8/2/10,0.19,1.86
945,8/3/10,0.19,1.87
946,8/4/10,0.19,1.86
947,8/5/10,0.19,1.87
948,8/6/10,0.18,1.82
951,8/9/10,0.18,1.82
952,8/10/10,0.18,1.84
953,8/11/10,0.17,1.77
954,8/12/10,0.18,1.69
955,8/13/10,0.19,1.68
958,8/16/10,0.2,1.63
959,8/17/10,0.2,1.63
960,8/18/10,0.19,1.62
961,8/19/10,0.19,1.56
962,8/20/10,0.2,1.57
965,8/23/10,0.19,1.55
966,8/24/10,0.19,1.49
967,8/25/10,0.19,1.53
968,8/26/10,0.19,1.55
969,8/27/10,0.19,1.61
972,8/30/10,0.19,1.55
973,8/31/10,0.21,1.52
974,9/1/10,0.19,1.56
975,9/2/10,0.19,1.58
976,9/3/10,0.19,1.62
979,9/6/10,0.19,.
980,9/7/10,0.2,1.63
981,9/8/10,0.19,1.64
982,9/9/10,0.18,1.72
983,9/10/10,0.18,1.79
986,9/13/10,0.18,1.8
987,9/14/10,0.19,1.75
988,9/15/10,0.21,1.77
989,9/16/10,0.21,1.77
990,9/17/10,0.21,1.75
993,9/20/10,0.21,1.78
994,9/21/10,0.2,1.83
995,9/22/10,0.21,1.82
996,9/23/10,0.2,1.79
997,9/24/10,0.21,1.81
1000,9/27/10,0.19,1.75
1001,9/28/10,0.19,1.79
1002,9/29/10,0.19,1.78
1003,9/30/10,0.15,1.78
1004,10/1/10,0.2,1.79
1007,10/4/10,0.2,1.78
1008,10/5/10,0.2,1.85
1009,10/6/10,0.19,1.89
1010,10/7/10,0.18,1.88
1011,10/8/10,0.18,1.96
1014,10/11/10,0.18,.
1015,10/12/10,0.18,1.95
1016,10/13/10,0.18,2.02
1017,10/14/10,0.19,2.11
1018,10/15/10,0.2,2.09
1021,10/18/10,0.19,2.05
1022,10/19/10,0.19,2.06
1023,10/20/10,0.19,2.04
1024,10/21/10,0.19,2.07
1025,10/22/10,0.19,2.09
1028,10/25/10,0.19,2.14
1029,10/26/10,0.19,2.15
1030,10/27/10,0.19,2.13
1031,10/28/10,0.19,2.12
1032,10/29/10,0.2,2.13
1035,11/1/10,0.2,2.17
1036,11/2/10,0.2,2.14
1037,11/3/10,0.2,2.17
1038,11/4/10,0.19,2.09
1039,11/5/10,0.18,2.1
1042,11/8/10,0.18,2.12
1043,11/9/10,0.17,2.14
1044,11/10/10,0.17,2.09
1045,11/11/10,0.17,.
1046,11/12/10,0.19,2.05
1049,11/15/10,0.21,2.05
1050,11/16/10,0.21,1.98
1051,11/17/10,0.2,2.05
1052,11/18/10,0.2,2.07
1053,11/19/10,0.21,2.11
1056,11/22/10,0.19,2.1
1057,11/23/10,0.2,2.08
1058,11/24/10,0.2,2.13
1059,11/25/10,0.2,.
1060,11/26/10,0.2,2.12
1063,11/29/10,0.2,2.11
1064,11/30/10,0.2,2.07
1065,12/1/10,0.2,2.14
1066,12/2/10,0.19,2.17
1067,12/3/10,0.18,2.17
1070,12/6/10,0.18,2.16
1071,12/7/10,0.17,2.23
1072,12/8/10,0.17,2.19
1073,12/9/10,0.16,2.14
1074,12/10/10,0.16,2.16
1077,12/13/10,0.17,2.18
1078,12/14/10,0.19,2.22
1079,12/15/10,0.2,2.31
1080,12/16/10,0.2,2.32
1081,12/17/10,0.2,2.28
1084,12/20/10,0.21,2.29
1085,12/21/10,0.2,2.29
1086,12/22/10,0.19,2.33
1087,12/23/10,0.19,2.33
1088,12/24/10,0.19,.
1091,12/27/10,0.19,2.3
1092,12/28/10,0.18,2.33
1093,12/29/10,0.18,2.29
1094,12/30/10,0.19,2.3
1095,12/31/10,0.13,2.3
1098,1/3/11,0.19,2.31
1099,1/4/11,0.18,2.35
1100,1/5/11,0.18,2.42
1101,1/6/11,0.17,2.41
1102,1/7/11,0.17,2.36
1105,1/10/11,0.17,2.36
1106,1/11/11,0.17,2.4
1107,1/12/11,0.16,2.42
1108,1/13/11,0.16,2.37
1109,1/14/11,0.16,2.35
1112,1/17/11,0.16,.
1113,1/18/11,0.19,2.4
1114,1/19/11,0.18,2.38
1115,1/20/11,0.18,2.25
1116,1/21/11,0.17,2.24
1119,1/24/11,0.18,2.25
1120,1/25/11,0.17,2.24
1121,1/26/11,0.17,2.29
1122,1/27/11,0.17,2.26
1123,1/28/11,0.17,2.27
1126,1/31/11,0.17,2.34
1127,2/1/11,0.18,2.37
1128,2/2/11,0.18,2.36
1129,2/3/11,0.17,2.35
1130,2/4/11,0.17,2.38
1133,2/7/11,0.17,2.36
1134,2/8/11,0.16,2.36
1135,2/9/11,0.15,2.31
1136,2/10/11,0.15,2.31
1137,2/11/11,0.15,2.28
1140,2/14/11,0.15,2.28
1141,2/15/11,0.16,2.28
1142,2/16/11,0.15,2.25
1143,2/17/11,0.15,2.27
1144,2/18/11,0.15,2.34
1147,2/21/11,0.15,.
1148,2/22/11,0.15,2.34
1149,2/23/11,0.15,2.39
1150,2/24/11,0.15,2.41
1151,2/25/11,0.15,2.4
1154,2/28/11,0.16,2.39
1155,3/1/11,0.15,2.41
1156,3/2/11,0.16,2.45
1157,3/3/11,0.15,2.49
1158,3/4/11,0.15,2.49
1161,3/7/11,0.14,2.51
1162,3/8/11,0.14,2.55
1163,3/9/11,0.14,2.5
1164,3/10/11,0.14,2.46
1165,3/11/11,0.13,2.44
1168,3/14/11,0.14,2.43
1169,3/15/11,0.14,2.4
1170,3/16/11,0.14,2.37
1171,3/17/11,0.14,2.43
1172,3/18/11,0.15,2.43
1175,3/21/11,0.14,2.44
1176,3/22/11,0.14,2.39
1177,3/23/11,0.14,2.38
1178,3/24/11,0.13,2.47
1179,3/25/11,0.13,2.44
1182,3/28/11,0.13,2.46
1183,3/29/11,0.13,2.47
1184,3/30/11,0.13,2.47
1185,3/31/11,0.1,2.48
1186,4/1/11,0.11,2.52
1189,4/4/11,0.09,2.54
1190,4/5/11,0.09,2.56
1191,4/6/11,0.1,2.57
1192,4/7/11,0.1,2.59
1193,4/8/11,0.09,2.64
1196,4/11/11,0.09,2.63
1197,4/12/11,0.08,2.62
1198,4/13/11,0.08,2.61
1199,4/14/11,0.09,2.62
1200,4/15/11,0.12,2.61
1203,4/18/11,0.1,2.6
1204,4/19/11,0.11,2.63
1205,4/20/11,0.1,2.61
1206,4/21/11,0.1,2.59
1207,4/22/11,0.1,.
1210,4/25/11,0.1,2.6
1211,4/26/11,0.09,2.58
1212,4/27/11,0.09,2.58
1213,4/28/11,0.09,2.56
1214,4/29/11,0.09,2.57
1217,5/2/11,0.09,2.56
1218,5/3/11,0.09,2.55
1219,5/4/11,0.09,2.55
1220,5/5/11,0.09,2.48
1221,5/6/11,0.09,2.48
1224,5/9/11,0.09,2.48
1225,5/10/11,0.09,2.49
1226,5/11/11,0.09,2.43
1227,5/12/11,0.09,2.43
1228,5/13/11,0.09,2.39
1231,5/16/11,0.1,2.34
1232,5/17/11,0.09,2.3
1233,5/18/11,0.1,2.36
1234,5/19/11,0.09,2.26
1235,5/20/11,0.1,2.3
1238,5/23/11,0.1,2.29
1239,5/24/11,0.1,2.33
1240,5/25/11,0.09,2.33
1241,5/26/11,0.09,2.31
1242,5/27/11,0.1,2.28
1245,5/30/11,0.1,.
1246,5/31/11,0.1,2.25
1247,6/1/11,0.1,2.22
1248,6/2/11,0.1,2.26
1249,6/3/11,0.11,2.24
1252,6/6/11,0.1,2.25
1253,6/7/11,0.09,2.25
1254,6/8/11,0.09,2.22
1255,6/9/11,0.09,2.21
1256,6/10/11,0.09,2.2
1259,6/13/11,0.1,2.2
1260,6/14/11,0.1,2.28
1261,6/15/11,0.1,2.24
1262,6/16/11,0.1,2.2
1263,6/17/11,0.1,2.19
1266,6/20/11,0.09,2.18
1267,6/21/11,0.09,2.21
1268,6/22/11,0.09,2.19
1269,6/23/11,0.08,2.22
1270,6/24/11,0.08,2.24
1273,6/27/11,0.08,2.28
1274,6/28/11,0.08,2.32
1275,6/29/11,0.07,2.4
1276,6/30/11,0.07,2.43
1277,7/1/11,0.08,2.45
1280,7/4/11,0.08,.
1281,7/5/11,0.08,2.39
1282,7/6/11,0.07,2.38
1283,7/7/11,0.07,2.42
1284,7/8/11,0.07,2.34
1287,7/11/11,0.07,2.31
1288,7/12/11,0.06,2.32
1289,7/13/11,0.06,2.33
1290,7/14/11,0.06,2.3
1291,7/15/11,0.06,2.33
1294,7/18/11,0.06,2.36
1295,7/19/11,0.06,2.37
1296,7/20/11,0.06,2.34
1297,7/21/11,0.06,2.35
1298,7/22/11,0.06,2.38
1301,7/25/11,0.06,2.45
1302,7/26/11,0.06,2.42
1303,7/27/11,0.07,2.45
1304,7/28/11,0.08,2.46
1305,7/29/11,0.11,2.44
1308,8/1/11,0.17,2.44
1309,8/2/11,0.16,2.37
1310,8/3/11,0.12,2.28
1311,8/4/11,0.09,2.23
1312,8/5/11,0.08,2.26
1315,8/8/11,0.11,2.2
1316,8/9/11,0.1,2.2
1317,8/10/11,0.1,2.3
1318,8/11/11,0.09,2.28
1319,8/12/11,0.1,2.26
1322,8/15/11,0.1,2.23
1323,8/16/11,0.09,2.18
1324,8/17/11,0.09,2.16
1325,8/18/11,0.09,1.99
1326,8/19/11,0.09,2.05
1329,8/22/11,0.09,2.07
1330,8/23/11,0.08,2.02
1331,8/24/11,0.08,2.04
1332,8/25/11,0.08,2.1
1333,8/26/11,0.09,2.04
1336,8/29/11,0.09,2.06
1337,8/30/11,0.08,2.05
1338,8/31/11,0.08,2.05
1339,9/1/11,0.08,2.08
1340,9/2/11,0.08,2.02
1343,9/5/11,0.08,.
1344,9/6/11,0.09,1.93
1345,9/7/11,0.09,1.96
1346,9/8/11,0.09,2
1347,9/9/11,0.09,1.96
1350,9/12/11,0.09,1.94
1351,9/13/11,0.09,1.93
1352,9/14/11,0.08,1.91
1353,9/15/11,0.09,1.96
1354,9/16/11,0.09,1.95
1357,9/19/11,0.09,1.88
1358,9/20/11,0.09,1.91
1359,9/21/11,0.08,1.86
1360,9/22/11,0.08,1.71
1361,9/23/11,0.08,1.74
1364,9/26/11,0.08,1.79
1365,9/27/11,0.08,1.88
1366,9/28/11,0.08,1.87
1367,9/29/11,0.08,1.82
1368,9/30/11,0.06,1.75
1371,10/3/11,0.08,1.73
1372,10/4/11,0.07,1.76
1373,10/5/11,0.07,1.8
1374,10/6/11,0.07,1.88
1375,10/7/11,0.07,1.94
1378,10/10/11,0.07,.
1379,10/11/11,0.07,1.95
1380,10/12/11,0.07,1.98
1381,10/13/11,0.07,1.92
1382,10/14/11,0.07,1.98
1385,10/17/11,0.07,1.94
1386,10/18/11,0.07,1.97
1387,10/19/11,0.07,1.95
1388,10/20/11,0.07,1.98
1389,10/21/11,0.07,2
1392,10/24/11,0.07,2.02
1393,10/25/11,0.07,2.02
1394,10/26/11,0.08,2.08
1395,10/27/11,0.07,2.18
1396,10/28/11,0.07,2.15
1399,10/31/11,0.09,2.09
1400,11/1/11,0.08,2.05
1401,11/2/11,0.08,2.1
1402,11/3/11,0.09,2.09
1403,11/4/11,0.08,2.12
1406,11/7/11,0.08,2.14
1407,11/8/11,0.08,2.13
1408,11/9/11,0.08,2.04
1409,11/10/11,0.08,2.08
1410,11/11/11,0.08,.
1413,11/14/11,0.08,2.05
1414,11/15/11,0.09,2.02
1415,11/16/11,0.08,1.96
1416,11/17/11,0.08,1.9
1417,11/18/11,0.08,1.96
1420,11/21/11,0.08,1.9
1421,11/22/11,0.08,1.89
1422,11/23/11,0.09,1.9
1423,11/24/11,0.09,.
1424,11/25/11,0.07,1.92
1427,11/28/11,0.08,1.95
1428,11/29/11,0.08,1.99
1429,11/30/11,0.1,2.05
1430,12/1/11,0.08,2.05
1431,12/2/11,0.08,2.05
1434,12/5/11,0.08,2.05
1435,12/6/11,0.08,2.07
1436,12/7/11,0.08,2.03
1437,12/8/11,0.07,1.98
1438,12/9/11,0.07,2.02
1441,12/12/11,0.07,2.04
1442,12/13/11,0.07,2.01
1443,12/14/11,0.07,1.96
1444,12/15/11,0.07,1.93
1445,12/16/11,0.07,1.91
1448,12/19/11,0.07,1.94
1449,12/20/11,0.07,2.04
1450,12/21/11,0.07,2.05
1451,12/22/11,0.07,2.04
1452,12/23/11,0.08,2.07
1455,12/26/11,0.08,.
1456,12/27/11,0.07,2.04
1457,12/28/11,0.07,2
1458,12/29/11,0.07,1.96
1459,12/30/11,0.04,1.96
1462,1/2/12,0.04,.
1463,1/3/12,0.07,2.01
1464,1/4/12,0.07,2.08
1465,1/5/12,0.07,2.12
1466,1/6/12,0.07,2.09
1469,1/9/12,0.08,2.11
1470,1/10/12,0.08,2.08
1471,1/11/12,0.08,2.03
1472,1/12/12,0.08,2.04
1473,1/13/12,0.09,2.03
1476,1/16/12,0.09,.
1477,1/17/12,0.09,2.04
1478,1/18/12,0.09,2.07
1479,1/19/12,0.1,2.01
1480,1/20/12,0.09,2.04
1483,1/23/12,0.09,2.07
1484,1/24/12,0.09,2.09
1485,1/25/12,0.08,2.13
1486,1/26/12,0.08,2.12
1487,1/27/12,0.09,2.11
1490,1/30/12,0.09,2.11
1491,1/31/12,0.11,2.11
1492,2/1/12,0.11,2.15
1493,2/2/12,0.11,2.16
1494,2/3/12,0.11,2.18
1497,2/6/12,0.11,2.19
1498,2/7/12,0.11,2.21
1499,2/8/12,0.11,2.22
1500,2/9/12,0.11,2.21
1501,2/10/12,0.12,2.2
1504,2/13/12,0.12,2.21
1505,2/14/12,0.12,2.19
1506,2/15/12,0.12,2.19
1507,2/16/12,0.11,2.23
1508,2/17/12,0.09,2.24
1511,2/20/12,0.09,.
1512,2/21/12,0.1,2.27
1513,2/22/12,0.08,2.28
1514,2/23/12,0.08,2.29
1515,2/24/12,0.09,2.27
1518,2/27/12,0.1,2.24
1519,2/28/12,0.1,2.25
1520,2/29/12,0.1,2.26
1521,3/1/12,0.11,2.26
1522,3/2/12,0.11,2.23
1525,3/5/12,0.11,2.2
1526,3/6/12,0.11,2.17
1527,3/7/12,0.11,2.2
1528,3/8/12,0.11,2.24
1529,3/9/12,0.12,2.28
1532,3/12/12,0.12,2.28
1533,3/13/12,0.12,2.34
1534,3/14/12,0.13,2.36
1535,3/15/12,0.14,2.37
1536,3/16/12,0.15,2.4
1539,3/19/12,0.15,2.42
1540,3/20/12,0.15,2.42
1541,3/21/12,0.15,2.39
1542,3/22/12,0.14,2.37
1543,3/23/12,0.14,2.36
1546,3/26/12,0.14,2.34
1547,3/27/12,0.14,2.33
1548,3/28/12,0.13,2.32
1549,3/29/12,0.13,2.31
1550,3/30/12,0.09,2.32
1553,4/2/12,0.15,2.36
1554,4/3/12,0.15,2.36
1555,4/4/12,0.15,2.3
1556,4/5/12,0.15,2.27
1557,4/6/12,0.12,2.23
1560,4/9/12,0.16,2.23
1561,4/10/12,0.15,2.25
1562,4/11/12,0.16,2.3
1563,4/12/12,0.15,2.3
1564,4/13/12,0.15,2.27
1567,4/16/12,0.15,2.26
1568,4/17/12,0.16,2.29
1569,4/18/12,0.15,2.26
1570,4/19/12,0.13,2.19
1571,4/20/12,0.12,2.23
1574,4/23/12,0.13,2.22
1575,4/24/12,0.14,2.25
1576,4/25/12,0.15,2.25
1577,4/26/12,0.14,2.27
1578,4/27/12,0.13,2.26
1581,4/30/12,0.16,2.25
1582,5/1/12,0.16,2.26
1583,5/2/12,0.15,2.24
1584,5/3/12,0.15,2.23
1585,5/4/12,0.16,2.21
1588,5/7/12,0.16,2.19
1589,5/8/12,0.16,2.16
1590,5/9/12,0.15,2.14
1591,5/10/12,0.15,2.14
1592,5/11/12,0.15,2.12
1595,5/14/12,0.16,2.11
1596,5/15/12,0.16,2.12
1597,5/16/12,0.16,2.09
1598,5/17/12,0.16,2.05
1599,5/18/12,0.16,2.1
1602,5/21/12,0.16,2.16
1603,5/22/12,0.16,2.17
1604,5/23/12,0.15,2.14
1605,5/24/12,0.15,2.14
1606,5/25/12,0.15,2.13
1609,5/28/12,0.15,.
1610,5/29/12,0.16,2.11
1611,5/30/12,0.16,2.08
1612,5/31/12,0.16,2.09
1613,6/1/12,0.16,2.06
1616,6/4/12,0.17,2.09
1617,6/5/12,0.17,2.13
1618,6/6/12,0.16,2.16
1619,6/7/12,0.16,2.15
1620,6/8/12,0.17,2.15
1623,6/11/12,0.17,2.13
1624,6/12/12,0.16,2.15
1625,6/13/12,0.17,2.12
1626,6/14/12,0.17,2.11
1627,6/15/12,0.18,2.14
1630,6/18/12,0.17,2.13
1631,6/19/12,0.17,2.17
1632,6/20/12,0.16,2.16
1633,6/21/12,0.17,2.1
1634,6/22/12,0.17,2.11
1637,6/25/12,0.17,2.1
1638,6/26/12,0.16,2.11
1639,6/27/12,0.15,2.1
1640,6/28/12,0.15,2.08
1641,6/29/12,0.09,2.13
1644,7/2/12,0.18,2.11
1645,7/3/12,0.17,2.13
1646,7/4/12,0.17,.
1647,7/5/12,0.17,2.13
1648,7/6/12,0.17,2.1
1651,7/9/12,0.17,2.1
1652,7/10/12,0.17,2.12
1653,7/11/12,0.17,2.11
1654,7/12/12,0.18,2.08
1655,7/13/12,0.19,2.11
1658,7/16/12,0.18,2.11
1659,7/17/12,0.17,2.12
1660,7/18/12,0.16,2.12
1661,7/19/12,0.13,2.16
1662,7/20/12,0.13,2.16
1665,7/23/12,0.14,2.15
1666,7/24/12,0.15,2.12
1667,7/25/12,0.15,2.1
1668,7/26/12,0.14,2.11
1669,7/27/12,0.14,2.19
1672,7/30/12,0.14,2.17
1673,7/31/12,0.13,2.2
1674,8/1/12,0.14,2.23
1675,8/2/12,0.14,2.2
1676,8/3/12,0.14,2.26
1679,8/6/12,0.14,2.27
1680,8/7/12,0.13,2.31
1681,8/8/12,0.13,2.29
1682,8/9/12,0.13,2.27
1683,8/10/12,0.13,2.25
1686,8/13/12,0.13,2.23
1687,8/14/12,0.13,2.26
1688,8/15/12,0.13,2.25
1689,8/16/12,0.13,2.25
1690,8/17/12,0.13,2.24
1693,8/20/12,0.13,2.25
1694,8/21/12,0.13,2.25
1695,8/22/12,0.13,2.26
1696,8/23/12,0.13,2.3
1697,8/24/12,0.13,2.28
1700,8/27/12,0.13,2.29
1701,8/28/12,0.13,2.32
1702,8/29/12,0.13,2.3
1703,8/30/12,0.14,2.26
1704,8/31/12,0.13,2.25
1707,9/3/12,0.13,.
1708,9/4/12,0.14,2.27
1709,9/5/12,0.16,2.29
1710,9/6/12,0.16,2.31
1711,9/7/12,0.15,2.35
1714,9/10/12,0.15,2.36
1715,9/11/12,0.15,2.38
1716,9/12/12,0.15,2.38
1717,9/13/12,0.15,2.47
1718,9/14/12,0.16,2.64
1721,9/17/12,0.16,2.59
1722,9/18/12,0.16,2.55
1723,9/19/12,0.15,2.54
1724,9/20/12,0.16,2.5
1725,9/21/12,0.15,2.48
1728,9/24/12,0.16,2.47
1729,9/25/12,0.15,2.44
1730,9/26/12,0.15,2.41
1731,9/27/12,0.14,2.44
1732,9/28/12,0.09,2.42
1735,10/1/12,0.15,2.42
1736,10/2/12,0.16,2.47
1737,10/3/12,0.16,2.47
1738,10/4/12,0.15,2.56
1739,10/5/12,0.15,2.57
1742,10/8/12,0.15,.
1743,10/9/12,0.16,2.55
1744,10/10/12,0.16,2.52
1745,10/11/12,0.16,2.47
1746,10/12/12,0.16,2.47
1749,10/15/12,0.16,2.48
1750,10/16/12,0.16,2.46
1751,10/17/12,0.15,2.48
1752,10/18/12,0.15,2.52
1753,10/19/12,0.16,2.5
1756,10/22/12,0.15,2.53
1757,10/23/12,0.15,2.5
1758,10/24/12,0.17,2.49
1759,10/25/12,0.16,2.49
1760,10/26/12,0.16,2.47
1763,10/29/12,0.17,2.47
1764,10/30/12,0.17,.
1765,10/31/12,0.18,2.5
1766,11/1/12,0.17,2.52
1767,11/2/12,0.16,2.48
1770,11/5/12,0.17,2.47
1771,11/6/12,0.16,2.5
1772,11/7/12,0.16,2.48
1773,11/8/12,0.16,2.47
1774,11/9/12,0.16,2.44
1777,11/12/12,0.16,.
1778,11/13/12,0.16,2.43
1779,11/14/12,0.16,2.4
1780,11/15/12,0.16,2.38
1781,11/16/12,0.16,2.39
1784,11/19/12,0.16,2.39
1785,11/20/12,0.16,2.4
1786,11/21/12,0.16,2.4
1787,11/22/12,0.16,.
1788,11/23/12,0.16,2.42
1791,11/26/12,0.16,2.39
1792,11/27/12,0.16,2.38
1793,11/28/12,0.16,2.38
1794,11/29/12,0.16,2.4
1795,11/30/12,0.16,2.41
1798,12/3/12,0.16,2.44
1799,12/4/12,0.17,2.45
1800,12/5/12,0.16,2.45
1801,12/6/12,0.16,2.46
1802,12/7/12,0.16,2.5
1805,12/10/12,0.16,2.5
1806,12/11/12,0.17,2.5
1807,12/12/12,0.17,2.51
1808,12/13/12,0.16,2.47
1809,12/14/12,0.17,2.46
1812,12/17/12,0.16,2.48
1813,12/18/12,0.17,2.51
1814,12/19/12,0.17,2.48
1815,12/20/12,0.17,2.5
1816,12/21/12,0.17,2.48
1819,12/24/12,0.18,2.48
1820,12/25/12,0.18,.
1821,12/26/12,0.17,2.48
1822,12/27/12,0.17,2.47
1823,12/28/12,0.17,2.46
1826,12/31/12,0.09,2.45
1827,1/1/13,0.09,.
1828,1/2/13,0.17,2.48
1829,1/3/13,0.17,2.46
1830,1/4/13,0.16,2.48
1833,1/7/13,0.16,2.52
1834,1/8/13,0.15,2.49
1835,1/9/13,0.14,2.52
1836,1/10/13,0.14,2.53
1837,1/11/13,0.14,2.52
1840,1/14/13,0.14,2.55
1841,1/15/13,0.15,2.52
1842,1/16/13,0.14,2.49
1843,1/17/13,0.14,2.53
1844,1/18/13,0.14,2.53
1847,1/21/13,0.14,.
1848,1/22/13,0.14,2.54
1849,1/23/13,0.13,2.52
1850,1/24/13,0.15,2.5
1851,1/25/13,0.14,2.54
1854,1/28/13,0.14,2.55
1855,1/29/13,0.12,2.56
1856,1/30/13,0.12,2.57
1857,1/31/13,0.15,2.59
1858,2/1/13,0.14,2.59
1861,2/4/13,0.13,2.59
1862,2/5/13,0.13,2.59
1863,2/6/13,0.13,2.58
1864,2/7/13,0.13,2.57
1865,2/8/13,0.14,2.56
1868,2/11/13,0.14,2.57
1869,2/12/13,0.13,2.59
1870,2/13/13,0.14,2.59
1871,2/14/13,0.14,2.56
1872,2/15/13,0.16,2.54
1875,2/18/13,0.16,.
1876,2/19/13,0.15,2.55
1877,2/20/13,0.15,2.54
1878,2/21/13,0.16,2.53
1879,2/22/13,0.16,2.54
1882,2/25/13,0.15,2.5
1883,2/26/13,0.14,2.5
1884,2/27/13,0.14,2.52
1885,2/28/13,0.14,2.53
1886,3/1/13,0.14,2.53
1889,3/4/13,0.16,2.53
1890,3/5/13,0.15,2.55
1891,3/6/13,0.15,2.56
1892,3/7/13,0.16,2.56
1893,3/8/13,0.15,2.56
1896,3/11/13,0.16,2.57
1897,3/12/13,0.15,2.55
1898,3/13/13,0.14,2.56
1899,3/14/13,0.15,2.57
1900,3/15/13,0.16,2.56
1903,3/18/13,0.16,2.56
1904,3/19/13,0.15,2.53
1905,3/20/13,0.15,2.53
1906,3/21/13,0.16,2.52
1907,3/22/13,0.15,2.53
1910,3/25/13,0.15,2.53
1911,3/26/13,0.14,2.53
1912,3/27/13,0.12,2.51
1913,3/28/13,0.13,2.51
1914,3/29/13,0.09,.
1917,4/1/13,0.16,2.51
1918,4/2/13,0.15,2.51
1919,4/3/13,0.14,2.48
1920,4/4/13,0.14,2.48
1921,4/5/13,0.15,2.46
1924,4/8/13,0.15,2.45
1925,4/9/13,0.15,2.45
1926,4/10/13,0.15,2.44
1927,4/11/13,0.15,2.47
1928,4/12/13,0.15,2.43
1931,4/15/13,0.15,2.41
1932,4/16/13,0.15,2.4
1933,4/17/13,0.15,2.37
1934,4/18/13,0.15,2.27
1935,4/19/13,0.15,2.32
1938,4/22/13,0.15,2.35
1939,4/23/13,0.14,2.38
1940,4/24/13,0.13,2.38
1941,4/25/13,0.13,2.4
1942,4/26/13,0.13,2.38
1945,4/29/13,0.13,2.37
1946,4/30/13,0.14,2.34
1947,5/1/13,0.14,2.3
1948,5/2/13,0.15,2.28
1949,5/3/13,0.14,2.31
1952,5/6/13,0.14,2.31
1953,5/7/13,0.12,2.32
1954,5/8/13,0.12,2.29
1955,5/9/13,0.12,2.31
1956,5/10/13,0.12,2.35
1959,5/13/13,0.12,2.33
1960,5/14/13,0.11,2.33
1961,5/15/13,0.12,2.3
1962,5/16/13,0.11,2.27
1963,5/17/13,0.1,2.26
1966,5/20/13,0.1,2.28
1967,5/21/13,0.09,2.28
1968,5/22/13,0.08,2.27
1969,5/23/13,0.08,2.26
1970,5/24/13,0.09,2.27
1973,5/27/13,0.09,.
1974,5/28/13,0.09,2.29
1975,5/29/13,0.08,2.23
1976,5/30/13,0.08,2.18
1977,5/31/13,0.09,2.21
1980,6/3/13,0.1,2.2
1981,6/4/13,0.11,2.19
1982,6/5/13,0.09,2.16
1983,6/6/13,0.1,2.13
1984,6/7/13,0.09,2.14
1987,6/10/13,0.09,2.11
1988,6/11/13,0.09,2.07
1989,6/12/13,0.08,2.04
1990,6/13/13,0.09,2.04
1991,6/14/13,0.1,2.05
1994,6/17/13,0.11,2.04
1995,6/18/13,0.12,2.06
1996,6/19/13,0.1,2.04
1997,6/20/13,0.1,1.95
1998,6/21/13,0.1,1.93
2001,6/24/13,0.1,1.93
2002,6/25/13,0.09,1.96
2003,6/26/13,0.09,1.95
2004,6/27/13,0.09,1.99
2005,6/28/13,0.07,1.99
2008,7/1/13,0.1,2.02
2009,7/2/13,0.1,2.04
2010,7/3/13,0.1,2.04
2011,7/4/13,0.1,.
2012,7/5/13,0.1,2.07
2015,7/8/13,0.1,2.07
2016,7/9/13,0.1,2.06
2017,7/10/13,0.09,2.06
2018,7/11/13,0.09,2.04
2019,7/12/13,0.09,2.06
2022,7/15/13,0.09,2.1
2023,7/16/13,0.09,2.14
2024,7/17/13,0.09,2.14
2025,7/18/13,0.09,2.18
2026,7/19/13,0.09,2.21
2029,7/22/13,0.09,2.22
2030,7/23/13,0.09,2.2
2031,7/24/13,0.09,2.17
2032,7/25/13,0.09,2.17
2033,7/26/13,0.09,2.15
2036,7/29/13,0.08,2.16
2037,7/30/13,0.09,2.17
2038,7/31/13,0.09,2.22
2039,8/1/13,0.08,2.26
2040,8/2/13,0.09,2.21
2043,8/5/13,0.08,2.25
2044,8/6/13,0.09,2.28
2045,8/7/13,0.09,2.26
2046,8/8/13,0.09,2.24
2047,8/9/13,0.08,2.24
2050,8/12/13,0.08,2.24
2051,8/13/13,0.08,2.23
2052,8/14/13,0.09,2.21
2053,8/15/13,0.08,2.17
2054,8/16/13,0.09,2.16
2057,8/19/13,0.09,2.13
2058,8/20/13,0.09,2.15
2059,8/21/13,0.08,2.14
2060,8/22/13,0.09,2.11
2061,8/23/13,0.08,2.13
2064,8/26/13,0.08,2.15
2065,8/27/13,0.07,2.15
2066,8/28/13,0.07,2.15
2067,8/29/13,0.08,2.1
2068,8/30/13,0.07,2.1
2071,9/2/13,0.07,.
2072,9/3/13,0.09,2.1
2073,9/4/13,0.08,2.07
2074,9/5/13,0.08,2.06
2075,9/6/13,0.08,2.07
2078,9/9/13,0.08,2.06
2079,9/10/13,0.08,2.1
2080,9/11/13,0.08,2.13
2081,9/12/13,0.08,2.11
2082,9/13/13,0.08,2.1
2085,9/16/13,0.08,2.12
2086,9/17/13,0.08,2.16
2087,9/18/13,0.08,2.2
2088,9/19/13,0.09,2.21
2089,9/20/13,0.08,2.23
2092,9/23/13,0.09,2.26
2093,9/24/13,0.09,2.19
2094,9/25/13,0.08,2.18
2095,9/26/13,0.08,2.19
2096,9/27/13,0.08,2.18
2099,9/30/13,0.06,2.19
2100,10/1/13,0.08,2.2
2101,10/2/13,0.07,2.2
2102,10/3/13,0.08,2.19
2103,10/4/13,0.08,2.2
2106,10/7/13,0.08,2.2
2107,10/8/13,0.08,2.18
2108,10/9/13,0.09,2.21
2109,10/10/13,0.09,2.21
2110,10/11/13,0.1,2.2
2113,10/14/13,0.1,.
2114,10/15/13,0.1,2.21
2115,10/16/13,0.11,2.19
2116,10/17/13,0.1,2.16
2117,10/18/13,0.1,2.18
2120,10/21/13,0.09,2.19
2121,10/22/13,0.08,2.17
2122,10/23/13,0.08,2.15
2123,10/24/13,0.08,2.17
2124,10/25/13,0.08,2.19
2127,10/28/13,0.08,2.19
2128,10/29/13,0.08,2.18
2129,10/30/13,0.08,2.18
2130,10/31/13,0.07,2.17
2131,11/1/13,0.08,2.15
2134,11/4/13,0.08,2.13
2135,11/5/13,0.08,2.14
2136,11/6/13,0.08,2.19
2137,11/7/13,0.08,2.17
2138,11/8/13,0.08,2.18
2141,11/11/13,0.08,.
2142,11/12/13,0.08,2.18
2143,11/13/13,0.08,2.17
2144,11/14/13,0.09,2.18
2145,11/15/13,0.09,2.18
2148,11/18/13,0.09,2.19
2149,11/19/13,0.09,2.18
2150,11/20/13,0.09,2.16
2151,11/21/13,0.09,2.19
2152,11/22/13,0.09,2.19
2155,11/25/13,0.09,2.18
2156,11/26/13,0.09,2.17
2157,11/27/13,0.09,2.16
2158,11/28/13,0.09,.
2159,11/29/13,0.07,2.15
2162,12/2/13,0.09,2.15
2163,12/3/13,0.09,2.15
2164,12/4/13,0.09,2.11
2165,12/5/13,0.09,2.12
2166,12/6/13,0.09,2.11
2169,12/9/13,0.09,2.12
2170,12/10/13,0.09,2.12
2171,12/11/13,0.08,2.15
2172,12/12/13,0.09,2.14
2173,12/13/13,0.08,2.16
2176,12/16/13,0.09,2.18
2177,12/17/13,0.09,2.18
2178,12/18/13,0.09,2.17
2179,12/19/13,0.09,2.15
2180,12/20/13,0.09,2.16
2183,12/23/13,0.09,2.18
2184,12/24/13,0.08,2.19
2185,12/25/13,0.08,.
2186,12/26/13,0.08,2.2
2187,12/27/13,0.08,2.22
2190,12/30/13,0.08,2.23
2191,12/31/13,0.07,2.24
2192,1/1/14,0.07,.
2193,1/2/14,0.08,2.26
2194,1/3/14,0.08,2.26
2197,1/6/14,0.08,2.26
2198,1/7/14,0.07,2.26
2199,1/8/14,0.07,2.29
2200,1/9/14,0.07,2.31
2201,1/10/14,0.07,2.29
2204,1/13/14,0.07,2.27
2205,1/14/14,0.07,2.26
2206,1/15/14,0.07,2.28
2207,1/16/14,0.07,2.25
2208,1/17/14,0.07,2.26
2211,1/20/14,0.07,.
2212,1/21/14,0.07,2.26
2213,1/22/14,0.07,2.25
2214,1/23/14,0.07,2.13
2215,1/24/14,0.07,2.14
2218,1/27/14,0.07,2.14
2219,1/28/14,0.07,2.15
2220,1/29/14,0.07,2.14
2221,1/30/14,0.07,2.15
2222,1/31/14,0.07,2.14
2225,2/3/14,0.07,2.14
2226,2/4/14,0.07,2.13
2227,2/5/14,0.07,2.14
2228,2/6/14,0.07,2.16
2229,2/7/14,0.06,2.18
2232,2/10/14,0.07,2.19
2233,2/11/14,0.06,2.19
2234,2/12/14,0.07,2.21
2235,2/13/14,0.06,2.17
2236,2/14/14,0.06,2.16
2239,2/17/14,0.06,.
2240,2/18/14,0.07,2.14
2241,2/19/14,0.07,2.13
2242,2/20/14,0.07,2.13
2243,2/21/14,0.07,2.12
2246,2/24/14,0.07,2.16
2247,2/25/14,0.07,2.15
2248,2/26/14,0.07,2.16
2249,2/27/14,0.07,2.16
2250,2/28/14,0.06,2.17
2253,3/3/14,0.07,2.16
2254,3/4/14,0.07,2.18
2255,3/5/14,0.08,2.18
2256,3/6/14,0.08,2.21
2257,3/7/14,0.08,2.23
2260,3/10/14,0.08,2.22
2261,3/11/14,0.08,2.2
2262,3/12/14,0.08,2.19
2263,3/13/14,0.08,2.17
2264,3/14/14,0.08,2.17
2267,3/17/14,0.08,2.18
2268,3/18/14,0.08,2.18
2269,3/19/14,0.08,2.16
2270,3/20/14,0.08,2.13
2271,3/21/14,0.08,2.14
2274,3/24/14,0.09,2.15
2275,3/25/14,0.09,2.14
2276,3/26/14,0.08,2.14
2277,3/27/14,0.08,2.13
2278,3/28/14,0.08,2.13
2281,3/31/14,0.06,2.13
2282,4/1/14,0.08,2.14
2283,4/2/14,0.09,2.14
2284,4/3/14,0.08,2.14
2285,4/4/14,0.08,2.13
2288,4/7/14,0.09,2.12
2289,4/8/14,0.08,2.11
2290,4/9/14,0.08,2.14
2291,4/10/14,0.08,2.14
2292,4/11/14,0.09,2.13
2295,4/14/14,0.09,2.13
2296,4/15/14,0.1,2.14
2297,4/16/14,0.09,2.17
2298,4/17/14,0.09,2.21
2299,4/18/14,0.1,.
2302,4/21/14,0.1,2.2
2303,4/22/14,0.1,2.21
2304,4/23/14,0.1,2.21
2305,4/24/14,0.1,2.21
2306,4/25/14,0.09,2.2
2309,4/28/14,0.09,2.18
2310,4/29/14,0.1,2.18
2311,4/30/14,0.09,2.18
2312,5/1/14,0.09,2.2
2313,5/2/14,0.09,2.19
2316,5/5/14,0.09,2.18
2317,5/6/14,0.09,2.16
2318,5/7/14,0.08,2.2
2319,5/8/14,0.08,2.19
2320,5/9/14,0.08,2.18
2323,5/12/14,0.08,2.18
2324,5/13/14,0.09,2.16
2325,5/14/14,0.08,2.17
2326,5/15/14,0.09,2.19
2327,5/16/14,0.09,2.18
2330,5/19/14,0.09,2.17
2331,5/20/14,0.09,2.17
2332,5/21/14,0.09,2.18
2333,5/22/14,0.09,2.21
2334,5/23/14,0.09,2.22
2337,5/26/14,0.09,.
2338,5/27/14,0.09,2.21
2339,5/28/14,0.09,2.22
2340,5/29/14,0.09,2.23
2341,5/30/14,0.08,2.22
2344,6/2/14,0.09,2.22
2345,6/3/14,0.1,2.19
2346,6/4/14,0.09,2.17
2347,6/5/14,0.09,2.18
2348,6/6/14,0.09,2.2
2351,6/9/14,0.09,2.21
2352,6/10/14,0.09,2.21
2353,6/11/14,0.09,2.22
2354,6/12/14,0.09,2.19
2355,6/13/14,0.1,2.19
2358,6/16/14,0.1,2.2
2359,6/17/14,0.1,2.23
2360,6/18/14,0.1,2.23
2361,6/19/14,0.1,2.25
2362,6/20/14,0.1,2.28
2365,6/23/14,0.1,2.28
2366,6/24/14,0.1,2.28
2367,6/25/14,0.1,2.28
2368,6/26/14,0.1,2.27
2369,6/27/14,0.1,2.27
2372,6/30/14,0.09,2.26
2373,7/1/14,0.1,2.26
2374,7/2/14,0.1,2.26
2375,7/3/14,0.09,2.28
2376,7/4/14,0.09,.
2379,7/7/14,0.1,2.27
2380,7/8/14,0.09,2.27
2381,7/9/14,0.09,2.29
2382,7/10/14,0.09,2.28
2383,7/11/14,0.09,2.28
2386,7/14/14,0.09,2.27
2387,7/15/14,0.09,2.25
2388,7/16/14,0.09,2.23
2389,7/17/14,0.09,2.23
2390,7/18/14,0.09,2.24
2393,7/21/14,0.1,2.24
2394,7/22/14,0.09,2.23
2395,7/23/14,0.09,2.23
2396,7/24/14,0.09,2.27
2397,7/25/14,0.09,2.28
2400,7/28/14,0.09,2.28
2401,7/29/14,0.09,2.27
2402,7/30/14,0.09,2.28
2403,7/31/14,0.08,2.29
2404,8/1/14,0.09,2.27
2407,8/4/14,0.09,2.25
2408,8/5/14,0.09,2.24
2409,8/6/14,0.09,2.25
2410,8/7/14,0.09,2.24
2411,8/8/14,0.09,2.25
2414,8/11/14,0.09,2.25
2415,8/12/14,0.09,2.24
2416,8/13/14,0.09,2.23
2417,8/14/14,0.09,2.21
2418,8/15/14,0.09,2.18
2421,8/18/14,0.09,2.18
2422,8/19/14,0.09,2.17
2423,8/20/14,0.09,2.17
2424,8/21/14,0.09,2.17
2425,8/22/14,0.09,2.14
2428,8/25/14,0.09,2.15
2429,8/26/14,0.09,2.14
2430,8/27/14,0.09,2.14
2431,8/28/14,0.09,2.13
2432,8/29/14,0.07,2.12
2435,9/1/14,0.07,.
2436,9/2/14,0.09,2.15
2437,9/3/14,0.09,2.17
2438,9/4/14,0.09,2.17
2439,9/5/14,0.09,2.15
2442,9/8/14,0.09,2.13
2443,9/9/14,0.09,2.11
2444,9/10/14,0.09,2.1
2445,9/11/14,0.09,2.12
2446,9/12/14,0.09,2.13
2449,9/15/14,0.09,2.13
2450,9/16/14,0.09,2.12
2451,9/17/14,0.09,2.06
2452,9/18/14,0.09,2.02
2453,9/19/14,0.09,2.03
2456,9/22/14,0.09,1.99
2457,9/23/14,0.09,2.02
2458,9/24/14,0.09,2.03
2459,9/25/14,0.09,2.02
2460,9/26/14,0.09,1.97
2463,9/29/14,0.08,1.95
2464,9/30/14,0.07,1.97
2465,10/1/14,0.09,1.96
2466,10/2/14,0.09,1.95
2467,10/3/14,0.09,1.93
2470,10/6/14,0.09,1.93
2471,10/7/14,0.09,1.92
2472,10/8/14,0.09,1.96
2473,10/9/14,0.08,1.97
2474,10/10/14,0.09,1.96
2477,10/13/14,0.09,.
2478,10/14/14,0.09,1.92
2479,10/15/14,0.09,1.86
2480,10/16/14,0.09,1.89
2481,10/17/14,0.09,1.92
2484,10/20/14,0.09,1.91
2485,10/21/14,0.09,1.9
2486,10/22/14,0.09,1.91
2487,10/23/14,0.09,1.91
2488,10/24/14,0.09,1.9
2491,10/27/14,0.09,1.89
2492,10/28/14,0.09,1.91
2493,10/29/14,0.09,1.92
2494,10/30/14,0.09,1.9
2495,10/31/14,0.07,1.92
2498,11/3/14,0.09,1.93
2499,11/4/14,0.1,1.92
2500,11/5/14,0.09,1.93
2501,11/6/14,0.09,1.94
2502,11/7/14,0.09,1.94
2505,11/10/14,0.09,1.94
2506,11/11/14,0.09,.
2507,11/12/14,0.09,1.91
2508,11/13/14,0.09,1.88
2509,11/14/14,0.09,1.89
2512,11/17/14,0.1,1.86
2513,11/18/14,0.11,1.84
2514,11/19/14,0.1,1.83
2515,11/20/14,0.1,1.85
2516,11/21/14,0.1,1.86
2519,11/24/14,0.1,1.86
2520,11/25/14,0.1,1.85
2521,11/26/14,0.1,1.82
2522,11/27/14,0.1,.
2523,11/28/14,0.08,1.79
2526,12/1/14,0.13,1.79
2527,12/2/14,0.12,1.77
2528,12/3/14,0.12,1.79
2529,12/4/14,0.12,1.77
2530,12/5/14,0.12,1.75
2533,12/8/14,0.12,1.71
2534,12/9/14,0.12,1.73
2535,12/10/14,0.12,1.71
2536,12/11/14,0.12,1.7
2537,12/12/14,0.12,1.64
2540,12/15/14,0.11,1.62
2541,12/16/14,0.12,1.65
2542,12/17/14,0.13,1.65
2543,12/18/14,0.13,1.65
2544,12/19/14,0.13,1.68
2547,12/22/14,0.13,1.7
2548,12/23/14,0.13,1.7
2549,12/24/14,0.13,1.68
2550,12/25/14,0.13,.
2551,12/26/14,0.13,1.67
2554,12/29/14,0.13,1.65
2555,12/30/14,0.13,1.64
2556,12/31/14,0.06,1.68
2557,1/1/15,0.06,.
2558,1/2/15,0.12,1.71
2561,1/5/15,0.12,1.64
2562,1/6/15,0.12,1.56
2563,1/7/15,0.12,1.57
2564,1/8/15,0.12,1.62
2565,1/9/15,0.12,1.62
2568,1/12/15,0.12,1.57
2569,1/13/15,0.12,1.54
2570,1/14/15,0.12,1.57
2571,1/15/15,0.12,1.58
2572,1/16/15,0.13,1.6
2575,1/19/15,0.13,.
2576,1/20/15,0.12,1.59
2577,1/21/15,0.12,1.61
2578,1/22/15,0.12,1.61
2579,1/23/15,0.12,1.6
2582,1/26/15,0.12,1.61
2583,1/27/15,0.11,1.66
2584,1/28/15,0.12,1.61
2585,1/29/15,0.11,1.62
2586,1/30/15,0.06,1.65
2589,2/2/15,0.12,1.65
2590,2/3/15,0.12,1.7
2591,2/4/15,0.11,1.71
2592,2/5/15,0.12,1.7
2593,2/6/15,0.11,1.71
2596,2/9/15,0.12,1.71
2597,2/10/15,0.12,1.7
2598,2/11/15,0.12,1.68
2599,2/12/15,0.12,1.66
2600,2/13/15,0.12,1.68
2603,2/16/15,0.12,.
2604,2/17/15,0.12,1.71
2605,2/18/15,0.12,1.71
2606,2/19/15,0.12,1.74
2607,2/20/15,0.12,1.75
2610,2/23/15,0.11,1.72
2611,2/24/15,0.11,1.72
2612,2/25/15,0.11,1.72
2613,2/26/15,0.11,1.79
2614,2/27/15,0.06,1.83
2617,3/2/15,0.12,1.83
2618,3/3/15,0.12,1.86
2619,3/4/15,0.11,1.87
2620,3/5/15,0.11,1.84
2621,3/6/15,0.12,1.83
2624,3/9/15,0.12,1.76
2625,3/10/15,0.12,1.73
2626,3/11/15,0.11,1.72
2627,3/12/15,0.11,1.71
2628,3/13/15,0.11,1.69
2631,3/16/15,0.12,1.65
2632,3/17/15,0.12,1.64
2633,3/18/15,0.11,1.7
2634,3/19/15,0.12,1.79
2635,3/20/15,0.12,1.76
2638,3/23/15,0.12,1.75
2639,3/24/15,0.11,1.77
2640,3/25/15,0.12,1.81
2641,3/26/15,0.11,1.8
2642,3/27/15,0.12,1.76
2645,3/30/15,0.12,1.73
2646,3/31/15,0.06,1.76
2647,4/1/15,0.12,1.8
2648,4/2/15,0.12,1.81
2649,4/3/15,0.12,1.83
2652,4/6/15,0.13,1.85
2653,4/7/15,0.12,1.85
2654,4/8/15,0.12,1.84
2655,4/9/15,0.12,1.84
2656,4/10/15,0.12,1.82
2659,4/13/15,0.13,1.8
2660,4/14/15,0.13,1.8
2661,4/15/15,0.13,1.84
2662,4/16/15,0.13,1.85
2663,4/17/15,0.13,1.89
2666,4/20/15,0.13,1.89
2667,4/21/15,0.13,1.86
2668,4/22/15,0.13,1.87
2669,4/23/15,0.13,1.89
2670,4/24/15,0.13,1.89
2673,4/27/15,0.13,1.91
2674,4/28/15,0.13,1.89
2675,4/29/15,0.13,1.92
2676,4/30/15,0.08,1.94
2677,5/1/15,0.13,1.94
2680,5/4/15,0.13,1.92
2681,5/5/15,0.13,1.94
2682,5/6/15,0.13,1.91
2683,5/7/15,0.13,1.88
2684,5/8/15,0.13,1.88
2687,5/11/15,0.13,1.88
2688,5/12/15,0.13,1.88
2689,5/13/15,0.13,1.86
2690,5/14/15,0.13,1.87
2691,5/15/15,0.13,1.83
2694,5/18/15,0.13,1.86
2695,5/19/15,0.12,1.85
2696,5/20/15,0.12,1.88
2697,5/21/15,0.12,1.84
2698,5/22/15,0.13,1.87
2701,5/25/15,0.13,.
2702,5/26/15,0.12,1.82
2703,5/27/15,0.12,1.8
2704,5/28/15,0.12,1.8
2705,5/29/15,0.08,1.8
2708,6/1/15,0.12,1.8
2709,6/2/15,0.12,1.83
2710,6/3/15,0.13,1.83
2711,6/4/15,0.13,1.81
2712,6/5/15,0.13,1.86
2715,6/8/15,0.13,1.85
2716,6/9/15,0.13,1.86
2717,6/10/15,0.13,1.87
2718,6/11/15,0.13,1.83
2719,6/12/15,0.13,1.84
2722,6/15/15,0.13,1.85
2723,6/16/15,0.14,1.88
2724,6/17/15,0.14,1.9
2725,6/18/15,0.14,1.89
2726,6/19/15,0.13,1.86
2729,6/22/15,0.13,1.9
2730,6/23/15,0.13,1.92
2731,6/24/15,0.13,1.9
2732,6/25/15,0.13,1.91
2733,6/26/15,0.13,1.92
2736,6/29/15,0.14,1.87
2737,6/30/15,0.08,1.87
2738,7/1/15,0.13,1.89
2739,7/2/15,0.13,1.91
2740,7/3/15,0.13,.
2743,7/6/15,0.13,1.87
2744,7/7/15,0.13,1.87
2745,7/8/15,0.13,1.83
2746,7/9/15,0.13,1.85
2747,7/10/15,0.13,1.87
2750,7/13/15,0.13,1.86
2751,7/14/15,0.13,1.85
2752,7/15/15,0.13,1.84
2753,7/16/15,0.14,1.84
2754,7/17/15,0.13,1.83
2757,7/20/15,0.14,1.82
2758,7/21/15,0.13,1.82
2759,7/22/15,0.13,1.8
2760,7/23/15,0.13,1.79
2761,7/24/15,0.13,1.76
2764,7/27/15,0.14,1.73
2765,7/28/15,0.14,1.75
2766,7/29/15,0.14,1.77
2767,7/30/15,0.14,1.77
2768,7/31/15,0.08,1.74
2771,8/3/15,0.14,1.7
2772,8/4/15,0.14,1.71
2773,8/5/15,0.14,1.7
2774,8/6/15,0.14,1.67
2775,8/7/15,0.14,1.66
2778,8/10/15,0.14,1.69
2779,8/11/15,0.15,1.66
2780,8/12/15,0.15,1.62
2781,8/13/15,0.15,1.62
2782,8/14/15,0.14,1.62
2785,8/17/15,0.15,1.58
2786,8/18/15,0.15,1.58
2787,8/19/15,0.15,1.57
2788,8/20/15,0.15,1.56
2789,8/21/15,0.15,1.53
2792,8/24/15,0.15,1.49
2793,8/25/15,0.15,1.53
2794,8/26/15,0.14,1.53
2795,8/27/15,0.14,1.58
2796,8/28/15,0.14,1.61
2799,8/31/15,0.08,1.63
2800,9/1/15,0.14,1.57
2801,9/2/15,0.14,1.56
2802,9/3/15,0.14,1.54
2803,9/4/15,0.14,1.51
2806,9/7/15,0.14,.
2807,9/8/15,0.14,1.53
2808,9/9/15,0.14,1.56
2809,9/10/15,0.14,1.59
2810,9/11/15,0.14,1.59
2813,9/14/15,0.14,1.56
2814,9/15/15,0.14,1.56
2815,9/16/15,0.14,1.57
2816,9/17/15,0.14,1.58
2817,9/18/15,0.14,1.55
2820,9/21/15,0.14,1.54
2821,9/22/15,0.14,1.51
2822,9/23/15,0.14,1.52
2823,9/24/15,0.14,1.49
2824,9/25/15,0.13,1.46
2827,9/28/15,0.13,1.39
2828,9/29/15,0.13,1.39
2829,9/30/15,0.07,1.41
2830,10/1/15,0.13,1.46
2831,10/2/15,0.13,1.48
2834,10/5/15,0.13,1.51
2835,10/6/15,0.13,1.52
2836,10/7/15,0.13,1.55
2837,10/8/15,0.13,1.58
2838,10/9/15,0.13,1.54
2841,10/12/15,0.13,.
2842,10/13/15,0.13,1.52
2843,10/14/15,0.13,1.49
2844,10/15/15,0.13,1.5
2845,10/16/15,0.13,1.48
2848,10/19/15,0.13,1.45
2849,10/20/15,0.13,1.48
2850,10/21/15,0.13,1.45
2851,10/22/15,0.12,1.47
2852,10/23/15,0.12,1.51
2855,10/26/15,0.12,1.48
2856,10/27/15,0.12,1.48
2857,10/28/15,0.12,1.47
2858,10/29/15,0.12,1.52
2859,10/30/15,0.07,1.53
2862,11/2/15,0.12,1.55
2863,11/3/15,0.12,1.58
2864,11/4/15,0.12,1.57
2865,11/5/15,0.12,1.55
2866,11/6/15,0.12,1.59
2869,11/9/15,0.12,1.6
2870,11/10/15,0.12,1.55
2871,11/11/15,0.12,.
2872,11/12/15,0.12,1.54
2873,11/13/15,0.12,1.52
2876,11/16/15,0.13,1.51
2877,11/17/15,0.13,1.53
2878,11/18/15,0.12,1.56
2879,11/19/15,0.12,1.56
2880,11/20/15,0.12,1.6
2883,11/23/15,0.12,1.61
2884,11/24/15,0.12,1.62
2885,11/25/15,0.12,1.61
2886,11/26/15,0.12,.
2887,11/27/15,0.12,1.6
2890,11/30/15,0.08,1.59
2891,12/1/15,0.13,1.57
2892,12/2/15,0.13,1.56
2893,12/3/15,0.13,1.61
2894,12/4/15,0.13,1.6
2897,12/7/15,0.13,1.56
2898,12/8/15,0.13,1.56
2899,12/9/15,0.14,1.53
2900,12/10/15,0.14,1.51
2901,12/11/15,0.14,1.46
2904,12/14/15,0.15,1.45
2905,12/15/15,0.15,1.48
2906,12/16/15,0.15,1.46
2907,12/17/15,0.37,1.47
2908,12/18/15,0.37,1.46
2911,12/21/15,0.36,1.45
2912,12/22/15,0.36,1.46
2913,12/23/15,0.36,1.51
2914,12/24/15,0.36,1.52
2915,12/25/15,0.36,.
2918,12/28/15,0.36,1.5
2919,12/29/15,0.36,1.53
2920,12/30/15,0.35,1.54
2921,12/31/15,0.2,1.54
2922,1/1/16,0.2,.
2925,1/4/16,0.36,1.55
2926,1/5/16,0.36,1.56
2927,1/6/16,0.36,1.53
2928,1/7/16,0.36,1.5
2929,1/8/16,0.36,1.48
2932,1/11/16,0.36,1.45
2933,1/12/16,0.36,1.43
2934,1/13/16,0.36,1.43
2935,1/14/16,0.36,1.43
2936,1/15/16,0.36,1.36
2939,1/18/16,0.36,.
2940,1/19/16,0.36,1.38
2941,1/20/16,0.37,1.32
2942,1/21/16,0.37,1.28
2943,1/22/16,0.38,1.35
2946,1/25/16,0.38,1.34
2947,1/26/16,0.38,1.36
2948,1/27/16,0.38,1.4
2949,1/28/16,0.38,1.42
2950,1/29/16,0.29,1.41
2953,2/1/16,0.38,1.4
2954,2/2/16,0.38,1.36
2955,2/3/16,0.38,1.38
2956,2/4/16,0.38,1.36
2957,2/5/16,0.38,1.33
2960,2/8/16,0.38,1.23
2961,2/9/16,0.38,1.21
2962,2/10/16,0.38,1.21
2963,2/11/16,0.38,1.18
2964,2/12/16,0.38,1.25
2967,2/15/16,0.38,.
2968,2/16/16,0.38,1.25
2969,2/17/16,0.37,1.28
2970,2/18/16,0.38,1.24
2971,2/19/16,0.38,1.26
2974,2/22/16,0.38,1.31
2975,2/23/16,0.38,1.32
2976,2/24/16,0.38,1.36
2977,2/25/16,0.37,1.39
2978,2/26/16,0.37,1.41
2981,2/29/16,0.29,1.42
2982,3/1/16,0.36,1.48
2983,3/2/16,0.37,1.51
2984,3/3/16,0.37,1.53
2985,3/4/16,0.36,1.51
2988,3/7/16,0.36,1.48
2989,3/8/16,0.36,1.46
2990,3/9/16,0.36,1.51
2991,3/10/16,0.36,1.48
2992,3/11/16,0.36,1.54
2995,3/14/16,0.36,1.52
2996,3/15/16,0.37,1.5
2997,3/16/16,0.37,1.58
2998,3/17/16,0.37,1.57
2999,3/18/16,0.37,1.61
3002,3/21/16,0.37,1.64
3003,3/22/16,0.37,1.63
3004,3/23/16,0.37,1.58
3005,3/24/16,0.37,1.57
3006,3/25/16,0.37,.
3009,3/28/16,0.37,1.56
3010,3/29/16,0.37,1.61
3011,3/30/16,0.37,1.65
3012,3/31/16,0.25,1.62
3013,4/1/16,0.37,1.62
3016,4/4/16,0.37,1.64
3017,4/5/16,0.37,1.59
3018,4/6/16,0.37,1.59
3019,4/7/16,0.37,1.58
3020,4/8/16,0.37,1.58
3023,4/11/16,0.37,1.56
3024,4/12/16,0.37,1.57
3025,4/13/16,0.37,1.56
3026,4/14/16,0.37,1.56
3027,4/15/16,0.37,1.56
3030,4/18/16,0.37,1.57
3031,4/19/16,0.37,1.6
3032,4/20/16,0.37,1.62
3033,4/21/16,0.37,1.64
3034,4/22/16,0.37,1.64
3037,4/25/16,0.37,1.65
3038,4/26/16,0.37,1.67
3039,4/27/16,0.37,1.68
3040,4/28/16,0.37,1.72
3041,4/29/16,0.3,1.71
3044,5/2/16,0.37,1.68
3045,5/3/16,0.37,1.64
3046,5/4/16,0.37,1.63
3047,5/5/16,0.37,1.63
3048,5/6/16,0.37,1.61
3051,5/9/16,0.37,1.59
3052,5/10/16,0.37,1.62
3053,5/11/16,0.37,1.59
3054,5/12/16,0.37,1.6
3055,5/13/16,0.37,1.58
3058,5/16/16,0.37,1.6
3059,5/17/16,0.37,1.61
3060,5/18/16,0.37,1.61
3061,5/19/16,0.37,1.56
3062,5/20/16,0.37,1.56
3065,5/23/16,0.37,1.54
3066,5/24/16,0.37,1.55
3067,5/25/16,0.37,1.58
3068,5/26/16,0.37,1.58
3069,5/27/16,0.37,1.58
3072,5/30/16,0.37,.
3073,5/31/16,0.29,1.54
3074,6/1/16,0.37,1.54
3075,6/2/16,0.37,1.54
3076,6/3/16,0.37,1.52
3079,6/6/16,0.37,1.54
3080,6/7/16,0.37,1.57
3081,6/8/16,0.37,1.59
3082,6/9/16,0.37,1.56
3083,6/10/16,0.37,1.52
3086,6/13/16,0.37,1.47
3087,6/14/16,0.37,1.45
3088,6/15/16,0.37,1.47
3089,6/16/16,0.38,1.42
3090,6/17/16,0.38,1.42
3093,6/20/16,0.38,1.43
3094,6/21/16,0.38,1.43
3095,6/22/16,0.38,1.44
3096,6/23/16,0.39,1.5
3097,6/24/16,0.4,1.42
3100,6/27/16,0.41,1.34
3101,6/28/16,0.41,1.37
3102,6/29/16,0.41,1.4
3103,6/30/16,0.3,1.4
3104,7/1/16,0.41,1.43
3107,7/4/16,0.41,.
3108,7/5/16,0.4,1.4
3109,7/6/16,0.4,1.43
3110,7/7/16,0.4,1.43
3111,7/8/16,0.4,1.43
3114,7/11/16,0.4,1.42
3115,7/12/16,0.4,1.46
3116,7/13/16,0.4,1.45
3117,7/14/16,0.4,1.45
3118,7/15/16,0.4,1.49
3121,7/18/16,0.4,1.49
3122,7/19/16,0.4,1.44
3123,7/20/16,0.4,1.46
3124,7/21/16,0.4,1.52
3125,7/22/16,0.4,1.51
3128,7/25/16,0.4,1.5
3129,7/26/16,0.4,1.5
3130,7/27/16,0.4,1.49
3131,7/28/16,0.4,1.52
3132,7/29/16,0.3,1.49
3135,8/1/16,0.4,1.46
3136,8/2/16,0.4,1.44
3137,8/3/16,0.4,1.46
3138,8/4/16,0.4,1.47
3139,8/5/16,0.4,1.5
3142,8/8/16,0.4,1.51
3143,8/9/16,0.4,1.49
3144,8/10/16,0.4,1.44
3145,8/11/16,0.4,1.47
3146,8/12/16,0.4,1.44
3149,8/15/16,0.4,1.45
3150,8/16/16,0.4,1.44
3151,8/17/16,0.4,1.47
3152,8/18/16,0.4,1.47
3153,8/19/16,0.4,1.48
3156,8/22/16,0.4,1.47
3157,8/23/16,0.4,1.48
3158,8/24/16,0.4,1.48
3159,8/25/16,0.4,1.49
3160,8/26/16,0.4,1.47
3163,8/29/16,0.4,1.46
3164,8/30/16,0.4,1.46
3165,8/31/16,0.3,1.47
3166,9/1/16,0.4,1.45
3167,9/2/16,0.4,1.47
3170,9/5/16,0.4,.
3171,9/6/16,0.4,1.49
3172,9/7/16,0.4,1.51
3173,9/8/16,0.4,1.52
3174,9/9/16,0.4,1.5
3177,9/12/16,0.4,1.51
3178,9/13/16,0.4,1.49
3179,9/14/16,0.4,1.49
3180,9/15/16,0.4,1.49
3181,9/16/16,0.4,1.51
3184,9/19/16,0.4,1.5
3185,9/20/16,0.4,1.49
3186,9/21/16,0.4,1.51
3187,9/22/16,0.4,1.55
3188,9/23/16,0.4,1.57
3191,9/26/16,0.4,1.54
3192,9/27/16,0.4,1.52
3193,9/28/16,0.4,1.56
3194,9/29/16,0.4,1.54
3195,9/30/16,0.29,1.6
3198,10/3/16,0.4,1.63
3199,10/4/16,0.4,1.62
3200,10/5/16,0.4,1.62
3201,10/6/16,0.4,1.64
3202,10/7/16,0.4,1.63
3205,10/10/16,0.4,.
3206,10/11/16,0.41,1.64
3207,10/12/16,0.41,1.64
3208,10/13/16,0.41,1.63
3209,10/14/16,0.41,1.67
3212,10/17/16,0.41,1.68
3213,10/18/16,0.41,1.66
3214,10/19/16,0.41,1.68
3215,10/20/16,0.41,1.68
3216,10/21/16,0.41,1.67
3219,10/24/16,0.41,1.66
3220,10/25/16,0.41,1.7
3221,10/26/16,0.41,1.71
3222,10/27/16,0.41,1.72
3223,10/28/16,0.41,1.73
3226,10/31/16,0.31,1.73
3227,11/1/16,0.41,1.72
3228,11/2/16,0.41,1.7
3229,11/3/16,0.41,1.68
3230,11/4/16,0.41,1.68
3233,11/7/16,0.41,1.71
3234,11/8/16,0.41,1.73
3235,11/9/16,0.41,1.82
3236,11/10/16,0.41,1.88
3237,11/11/16,0.41,.
3240,11/14/16,0.41,1.83
3241,11/15/16,0.41,1.82
3242,11/16/16,0.41,1.83
3243,11/17/16,0.41,1.87
3244,11/18/16,0.41,1.9
3247,11/21/16,0.41,1.91
3248,11/22/16,0.41,1.9
3249,11/23/16,0.41,1.92
3250,11/24/16,0.41,.
3251,11/25/16,0.41,1.89
3254,11/28/16,0.41,1.85
3255,11/29/16,0.41,1.86
3256,11/30/16,0.31,1.94
3257,12/1/16,0.41,1.97
3258,12/2/16,0.41,1.91
3261,12/5/16,0.41,1.94
3262,12/6/16,0.41,1.95
3263,12/7/16,0.41,1.92
3264,12/8/16,0.41,1.95
3265,12/9/16,0.41,1.96
3268,12/12/16,0.41,1.98
3269,12/13/16,0.41,1.95
3270,12/14/16,0.41,1.94
3271,12/15/16,0.66,1.9
3272,12/16/16,0.66,1.86
3275,12/19/16,0.66,1.86
3276,12/20/16,0.66,1.9
3277,12/21/16,0.66,1.91
3278,12/22/16,0.66,1.95
3279,12/23/16,0.66,1.97
3282,12/26/16,0.66,.
3283,12/27/16,0.66,1.99
3284,12/28/16,0.66,1.95
3285,12/29/16,0.66,1.94
3286,12/30/16,0.55,1.95
3289,1/2/17,0.55,.
3290,1/3/17,0.66,1.98
3291,1/4/17,0.66,1.99
3292,1/5/17,0.66,1.95
3293,1/6/17,0.66,1.96
3296,1/9/17,0.66,1.95
3297,1/10/17,0.66,1.95
3298,1/11/17,0.66,1.99
3299,1/12/17,0.66,1.98
3300,1/13/17,0.66,1.99
3303,1/16/17,0.66,.
3304,1/17/17,0.66,1.97
3305,1/18/17,0.66,2
3306,1/19/17,0.66,2.04
3307,1/20/17,0.66,2.04
3310,1/23/17,0.66,2.02
3311,1/24/17,0.66,2.06
3312,1/25/17,0.66,2.08
3313,1/26/17,0.66,2.08
3314,1/27/17,0.66,2.08
3317,1/30/17,0.66,2.07
3318,1/31/17,0.56,2.05
3319,2/1/17,0.66,2.05
3320,2/2/17,0.66,2.05
3321,2/3/17,0.66,2.05
3324,2/6/17,0.66,2.02
3325,2/7/17,0.66,2
3326,2/8/17,0.66,1.96
3327,2/9/17,0.66,1.99
3328,2/10/17,0.66,2.01
3331,2/13/17,0.66,2
3332,2/14/17,0.66,2.01
3333,2/15/17,0.66,2.06
3334,2/16/17,0.66,2.02
3335,2/17/17,0.66,2.01
3338,2/20/17,0.66,.
3339,2/21/17,0.66,2.03
3340,2/22/17,0.66,2.04
3341,2/23/17,0.66,2.03
3342,2/24/17,0.66,2
3345,2/27/17,0.66,2.01
3346,2/28/17,0.57,2.02
3347,3/1/17,0.66,2.03
3348,3/2/17,0.66,2.01
3349,3/3/17,0.66,2.04
3352,3/6/17,0.66,2.01
3353,3/7/17,0.66,2.03
3354,3/8/17,0.66,2.01
3355,3/9/17,0.66,2
3356,3/10/17,0.66,2.01
3359,3/13/17,0.66,2.01
3360,3/14/17,0.66,1.99
3361,3/15/17,0.66,2.01
3362,3/16/17,0.91,2.02
3363,3/17/17,0.91,2.01
3366,3/20/17,0.91,2
3367,3/21/17,0.91,1.98
3368,3/22/17,0.91,1.97
3369,3/23/17,0.91,1.95
3370,3/24/17,0.91,1.98
3373,3/27/17,0.91,1.97
3374,3/28/17,0.91,1.97
3375,3/29/17,0.91,1.98
3376,3/30/17,0.91,1.96
3377,3/31/17,0.82,1.97
3380,4/3/17,0.91,1.96
3381,4/4/17,0.91,1.96
3382,4/5/17,0.91,1.97
3383,4/6/17,0.91,1.95
3384,4/7/17,0.91,1.94
3387,4/10/17,0.91,1.93
3388,4/11/17,0.91,1.91
3389,4/12/17,0.91,1.9
3390,4/13/17,0.91,1.92
3391,4/14/17,0.91,.
3394,4/17/17,0.91,1.88
3395,4/18/17,0.91,1.85
3396,4/19/17,0.91,1.85
3397,4/20/17,0.91,1.85
3398,4/21/17,0.91,1.84
3401,4/24/17,0.91,1.87
3402,4/25/17,0.91,1.91
3403,4/26/17,0.91,1.9
3404,4/27/17,0.91,1.91
3405,4/28/17,0.83,1.92
3408,5/1/17,0.91,1.92
3409,5/2/17,0.91,1.88
3410,5/3/17,0.91,1.87
3411,5/4/17,0.91,1.86
3412,5/5/17,0.91,1.86
3415,5/8/17,0.91,1.86
3416,5/9/17,0.91,1.86
3417,5/10/17,0.91,1.85
3418,5/11/17,0.91,1.88
3419,5/12/17,0.91,1.84
3422,5/15/17,0.91,1.82
3423,5/16/17,0.91,1.82
3424,5/17/17,0.91,1.78
3425,5/18/17,0.91,1.8
3426,5/19/17,0.91,1.82
3429,5/22/17,0.91,1.82
3430,5/23/17,0.91,1.83
3431,5/24/17,0.91,1.81
3432,5/25/17,0.91,1.8
3433,5/26/17,0.91,1.81
3436,5/29/17,0.91,.
3437,5/30/17,0.91,1.81
3438,5/31/17,0.83,1.81
3439,6/1/17,0.91,1.81
3440,6/2/17,0.91,1.79
3443,6/5/17,0.91,1.79
3444,6/6/17,0.91,1.77
3445,6/7/17,0.91,1.78
3446,6/8/17,0.91,1.78
3447,6/9/17,0.91,1.78
3450,6/12/17,0.91,1.75
3451,6/13/17,0.91,1.75
3452,6/14/17,0.91,1.71
3453,6/15/17,1.16,1.67
3454,6/16/17,1.16,1.67
3457,6/19/17,1.16,1.67
3458,6/20/17,1.16,1.66
3459,6/21/17,1.16,1.66
3460,6/22/17,1.16,1.69
3461,6/23/17,1.16,1.7
3464,6/26/17,1.16,1.71
3465,6/27/17,1.16,1.71
3466,6/28/17,1.16,1.73
3467,6/29/17,1.16,1.72
3468,6/30/17,1.06,1.73
3471,7/3/17,1.16,1.75
3472,7/4/17,1.16,.
3473,7/5/17,1.16,1.75
3474,7/6/17,1.16,1.76
3475,7/7/17,1.16,1.73
3478,7/10/17,1.16,1.72
3479,7/11/17,1.16,1.75
3480,7/12/17,1.16,1.76
3481,7/13/17,1.16,1.77
3482,7/14/17,1.16,1.76
3485,7/17/17,1.16,1.77
3486,7/18/17,1.16,1.76
3487,7/19/17,1.16,1.76
3488,7/20/17,1.16,1.77
3489,7/21/17,1.16,1.76
3492,7/24/17,1.16,1.78
3493,7/25/17,1.16,1.81
3494,7/26/17,1.16,1.8
3495,7/27/17,1.16,1.83
3496,7/28/17,1.16,1.83
3499,7/31/17,1.07,1.82
3500,8/1/17,1.16,1.79
3501,8/2/17,1.16,1.79
3502,8/3/17,1.16,1.78
3503,8/4/17,1.16,1.8
3506,8/7/17,1.16,1.8
3507,8/8/17,1.16,1.83
3508,8/9/17,1.16,1.82
3509,8/10/17,1.16,1.8
3510,8/11/17,1.16,1.79
3513,8/14/17,1.16,1.77
3514,8/15/17,1.16,1.78
3515,8/16/17,1.16,1.78
3516,8/17/17,1.16,1.77
3517,8/18/17,1.16,1.76
3520,8/21/17,1.16,1.75
3521,8/22/17,1.16,1.77
3522,8/23/17,1.16,1.75
3523,8/24/17,1.16,1.75
3524,8/25/17,1.16,1.75
3527,8/28/17,1.16,1.75
3528,8/29/17,1.16,1.74
3529,8/30/17,1.16,1.76
3530,8/31/17,1.07,1.76
3531,9/1/17,1.16,1.79
3534,9/4/17,1.16,.
3535,9/5/17,1.16,1.77
3536,9/6/17,1.16,1.78
3537,9/7/17,1.16,1.79
3538,9/8/17,1.16,1.81
3541,9/11/17,1.16,1.83
3542,9/12/17,1.16,1.84
3543,9/13/17,1.16,1.85
3544,9/14/17,1.16,1.85
3545,9/15/17,1.16,1.85
3548,9/18/17,1.16,1.87
3549,9/19/17,1.16,1.87
3550,9/20/17,1.16,1.85
3551,9/21/17,1.16,1.83
3552,9/22/17,1.16,1.84
3555,9/25/17,1.16,1.84
3556,9/26/17,1.16,1.84
3557,9/27/17,1.16,1.87
3558,9/28/17,1.16,1.87
3559,9/29/17,1.06,1.84
3562,10/2/17,1.16,1.83
3563,10/3/17,1.16,1.84
3564,10/4/17,1.16,1.85
3565,10/5/17,1.16,1.86
3566,10/6/17,1.16,1.87
3569,10/9/17,1.16,.
3570,10/10/17,1.16,1.88
3571,10/11/17,1.16,1.89
3572,10/12/17,1.16,1.89
3573,10/13/17,1.16,1.85
3576,10/16/17,1.16,1.84
3577,10/17/17,1.16,1.82
3578,10/18/17,1.16,1.84
3579,10/19/17,1.16,1.84
3580,10/20/17,1.16,1.87
3583,10/23/17,1.16,1.86
3584,10/24/17,1.16,1.87
3585,10/25/17,1.16,1.88
3586,10/26/17,1.16,1.89
3587,10/27/17,1.16,1.88
3590,10/30/17,1.16,1.87
3591,10/31/17,1.07,1.88
3592,11/1/17,1.16,1.88
3593,11/2/17,1.16,1.87
3594,11/3/17,1.16,1.86
3597,11/6/17,1.16,1.86
3598,11/7/17,1.16,1.88
3599,11/8/17,1.16,1.87
3600,11/9/17,1.16,1.87
3601,11/10/17,1.16,1.88
3604,11/13/17,1.16,1.88
3605,11/14/17,1.16,1.87
3606,11/15/17,1.16,1.85
3607,11/16/17,1.16,1.84
3608,11/17/17,1.16,1.86
3611,11/20/17,1.16,1.85
3612,11/21/17,1.16,1.84
3613,11/22/17,1.16,1.84
3614,11/23/17,1.16,.
3615,11/24/17,1.16,1.84
3618,11/27/17,1.16,1.83
3619,11/28/17,1.16,1.84
3620,11/29/17,1.16,1.84
3621,11/30/17,1.07,1.86
3622,12/1/17,1.16,1.86
3625,12/4/17,1.16,1.87
3626,12/5/17,1.16,1.86
3627,12/6/17,1.16,1.86
3628,12/7/17,1.16,1.87
3629,12/8/17,1.16,1.88
3632,12/11/17,1.16,1.88
3633,12/12/17,1.17,1.89
3634,12/13/17,1.17,1.88
3635,12/14/17,1.41,1.87
3636,12/15/17,1.41,1.88
3639,12/18/17,1.42,1.89
3640,12/19/17,1.42,1.91
3641,12/20/17,1.42,1.92
3642,12/21/17,1.42,1.93
3643,12/22/17,1.42,1.94
3646,12/25/17,1.42,.
3647,12/26/17,1.42,1.94
3648,12/27/17,1.42,1.94
3649,12/28/17,1.42,1.96
3650,12/29/17,1.33,1.96
3653,1/1/18,1.33,.
3654,1/2/18,1.42,2
3655,1/3/18,1.42,1.98
3656,1/4/18,1.42,2.01
3657,1/5/18,1.42,2.01
3660,1/8/18,1.42,2.02
3661,1/9/18,1.42,2.03
3662,1/10/18,1.42,2.03
3663,1/11/18,1.42,2
3664,1/12/18,1.42,2.01
3667,1/15/18,1.42,.
3668,1/16/18,1.42,2.03
3669,1/17/18,1.42,2.04
3670,1/18/18,1.42,2.05
3671,1/19/18,1.42,2.06
3674,1/22/18,1.42,2.06
3675,1/23/18,1.42,2.06
3676,1/24/18,1.42,2.07
3677,1/25/18,1.42,2.07
3678,1/26/18,1.42,2.09
3681,1/29/18,1.42,2.09
3682,1/30/18,1.42,2.1
3683,1/31/18,1.34,2.11
3684,2/1/18,1.42,2.11
3685,2/2/18,1.42,2.14
3688,2/5/18,1.42,2.1
3689,2/6/18,1.42,2.1
3690,2/7/18,1.42,2.1
3691,2/8/18,1.42,2.09
3692,2/9/18,1.42,2.05
3695,2/12/18,1.42,2.07
3696,2/13/18,1.42,2.05
3697,2/14/18,1.42,2.09
3698,2/15/18,1.42,2.11
3699,2/16/18,1.42,2.09
3702,2/19/18,1.42,.
3703,2/20/18,1.42,2.1
3704,2/21/18,1.42,2.12
3705,2/22/18,1.42,2.11
3706,2/23/18,1.42,2.12
3709,2/26/18,1.42,2.13
3710,2/27/18,1.42,2.13
3711,2/28/18,1.35,2.12
3712,3/1/18,1.42,2.1
3713,3/2/18,1.42,2.12
3716,3/5/18,1.42,2.13
3717,3/6/18,1.42,2.12
3718,3/7/18,1.42,2.13
3719,3/8/18,1.42,2.11
3720,3/9/18,1.42,2.12
3723,3/12/18,1.42,2.1
3724,3/13/18,1.42,2.09
3725,3/14/18,1.42,2.07
3726,3/15/18,1.43,2.08
3727,3/16/18,1.43,2.08
3730,3/19/18,1.43,2.08
3731,3/20/18,1.44,2.08
3732,3/21/18,1.44,2.09
3733,3/22/18,1.68,2.08
3734,3/23/18,1.68,2.07
3737,3/26/18,1.68,2.08
3738,3/27/18,1.68,2.07
3739,3/28/18,1.68,2.05
3740,3/29/18,1.68,2.05
3741,3/30/18,1.67,.
3744,4/2/18,1.68,2.05
3745,4/3/18,1.69,2.08
3746,4/4/18,1.69,2.08
3747,4/5/18,1.69,2.08
3748,4/6/18,1.69,2.07
3751,4/9/18,1.69,2.07
3752,4/10/18,1.69,2.08
3753,4/11/18,1.69,2.11
3754,4/12/18,1.69,2.13
3755,4/13/18,1.69,2.13
3758,4/16/18,1.69,2.12
3759,4/17/18,1.69,2.14
3760,4/18/18,1.69,2.16
3761,4/19/18,1.69,2.17
3762,4/20/18,1.7,2.17
3765,4/23/18,1.7,2.18
3766,4/24/18,1.7,2.17
3767,4/25/18,1.7,2.17
3768,4/26/18,1.7,2.18
3769,4/27/18,1.7,2.17
3772,4/30/18,1.69,2.17
3773,5/1/18,1.7,2.16
3774,5/2/18,1.7,2.17
3775,5/3/18,1.7,2.16
3776,5/4/18,1.7,2.16
3779,5/7/18,1.7,2.17
3780,5/8/18,1.7,2.16
3781,5/9/18,1.7,2.18
3782,5/10/18,1.7,2.17
3783,5/11/18,1.7,2.15
3786,5/14/18,1.7,2.15
3787,5/15/18,1.7,2.18
3788,5/16/18,1.7,2.17
3789,5/17/18,1.7,2.16
3790,5/18/18,1.7,2.15
3793,5/21/18,1.7,2.16
3794,5/22/18,1.7,2.15
3795,5/23/18,1.7,2.14
3796,5/24/18,1.7,2.12
3797,5/25/18,1.7,2.09
3800,5/28/18,1.7,.
3801,5/29/18,1.7,2.04
3802,5/30/18,1.7,2.06
3803,5/31/18,1.7,2.07
3804,6/1/18,1.7,2.09
3807,6/4/18,1.7,2.12
3808,6/5/18,1.7,2.13
3809,6/6/18,1.7,2.14
3810,6/7/18,1.7,2.13
3811,6/8/18,1.7,2.11
3814,6/11/18,1.7,2.13
3815,6/12/18,1.7,2.13
3816,6/13/18,1.7,2.12
3817,6/14/18,1.9,2.12
3818,6/15/18,1.9,2.12
3821,6/18/18,1.9,2.12
3822,6/19/18,1.91,2.12
3823,6/20/18,1.92,2.12
3824,6/21/18,1.92,2.11
3825,6/22/18,1.92,2.12
3828,6/25/18,1.92,2.1
3829,6/26/18,1.92,2.12
3830,6/27/18,1.91,2.11
3831,6/28/18,1.91,2.1
3832,6/29/18,1.91,2.11
3835,7/2/18,1.91,2.14
3836,7/3/18,1.91,2.12
3837,7/4/18,1.91,.
3838,7/5/18,1.91,2.13
3839,7/6/18,1.91,2.12
3842,7/9/18,1.91,2.13
3843,7/10/18,1.91,2.13
3844,7/11/18,1.91,2.11
3845,7/12/18,1.91,2.1
3846,7/13/18,1.91,2.11
3849,7/16/18,1.91,2.1
3850,7/17/18,1.91,2.09
3851,7/18/18,1.91,2.09
3852,7/19/18,1.91,2.09
3853,7/20/18,1.91,2.11
3856,7/23/18,1.91,2.11
3857,7/24/18,1.91,2.11
3858,7/25/18,1.91,2.13
3859,7/26/18,1.91,2.11
3860,7/27/18,1.91,2.12
3863,7/30/18,1.91,2.13
3864,7/31/18,1.91,2.12
3865,8/1/18,1.91,2.13
3866,8/2/18,1.91,2.12
3867,8/3/18,1.91,2.12
3870,8/6/18,1.91,2.11
3871,8/7/18,1.91,2.13
3872,8/8/18,1.91,2.11
3873,8/9/18,1.91,2.11
3874,8/10/18,1.91,2.09
3877,8/13/18,1.91,2.1
3878,8/14/18,1.91,2.09
3879,8/15/18,1.91,2.08
3880,8/16/18,1.92,2.08
3881,8/17/18,1.92,2.08
3884,8/20/18,1.92,2.07
3885,8/21/18,1.92,2.08
3886,8/22/18,1.92,2.08
3887,8/23/18,1.92,2.09
3888,8/24/18,1.92,2.09
3891,8/27/18,1.92,2.11
3892,8/28/18,1.92,2.11
3893,8/29/18,1.92,2.12
3894,8/30/18,1.92,2.1
3895,8/31/18,1.91,2.08
3898,9/3/18,1.91,.
3899,9/4/18,1.92,2.1
3900,9/5/18,1.92,2.09
3901,9/6/18,1.92,2.08
3902,9/7/18,1.92,2.1
3905,9/10/18,1.92,2.1
3906,9/11/18,1.92,2.12
3907,9/12/18,1.92,2.12
3908,9/13/18,1.92,2.1
3909,9/14/18,1.92,2.1
3912,9/17/18,1.92,2.1
3913,9/18/18,1.92,2.13
3914,9/19/18,1.92,2.15
3915,9/20/18,1.92,2.15
3916,9/21/18,1.92,2.15
3919,9/24/18,1.93,2.16
3920,9/25/18,1.93,2.16
3921,9/26/18,1.93,2.14
3922,9/27/18,2.18,2.15
3923,9/28/18,2.18,2.14
3926,10/1/18,2.18,2.14
3927,10/2/18,2.18,2.12
3928,10/3/18,2.18,2.16
3929,10/4/18,2.18,2.16
3930,10/5/18,2.18,2.16
3933,10/8/18,2.18,.
3934,10/9/18,2.18,2.17
3935,10/10/18,2.18,2.16
3936,10/11/18,2.18,2.12
3937,10/12/18,2.18,2.12
3940,10/15/18,2.18,2.13
3941,10/16/18,2.18,2.13
3942,10/17/18,2.19,2.13
3943,10/18/18,2.19,2.1
3944,10/19/18,2.19,2.11
3947,10/22/18,2.19,2.11
3948,10/23/18,2.2,2.09
3949,10/24/18,2.2,2.07
3950,10/25/18,2.2,2.05
3951,10/26/18,2.2,2.06
3954,10/29/18,2.2,2.06
3955,10/30/18,2.2,2.05
3956,10/31/18,2.2,2.05
3957,11/1/18,2.2,2.02
3958,11/2/18,2.19,2.06
3961,11/5/18,2.2,2.06
3962,11/6/18,2.2,2.07
3963,11/7/18,2.2,2.07
3964,11/8/18,2.2,2.07
3965,11/9/18,2.19,2.04
3968,11/12/18,2.19,.
3969,11/13/18,2.2,2.02
3970,11/14/18,2.2,2
3971,11/15/18,2.2,2
3972,11/16/18,2.2,2.02
3975,11/19/18,2.2,1.99
3976,11/20/18,2.2,1.97
3977,11/21/18,2.2,1.97
3978,11/22/18,2.2,.
3979,11/23/18,2.2,1.96
3982,11/26/18,2.2,1.96
3983,11/27/18,2.2,1.91
3984,11/28/18,2.2,1.94
3985,11/29/18,2.2,1.98
3986,11/30/18,2.2,1.97
3989,12/3/18,2.19,1.96
3990,12/4/18,2.2,1.94
3991,12/5/18,2.2,.
3992,12/6/18,2.2,1.9
3993,12/7/18,2.19,1.89
3996,12/10/18,2.2,1.86
3997,12/11/18,2.19,1.83
3998,12/12/18,2.19,1.83
3999,12/13/18,2.19,1.83
4000,12/14/18,2.19,1.82
4003,12/17/18,2.2,1.81
4004,12/18/18,2.2,1.81
4005,12/19/18,2.2,1.8
4006,12/20/18,2.4,1.76
4007,12/21/18,2.4,1.77
4010,12/24/18,2.4,1.75
4011,12/25/18,2.4,.
4012,12/26/18,2.4,1.77
4013,12/27/18,2.4,1.74
4014,12/28/18,2.4,1.73
4017,12/31/18,2.4,1.71
4018,1/1/19,2.4,.
4019,1/2/19,2.4,1.7
4020,1/3/19,2.4,1.68
4021,1/4/19,2.4,1.76
4024,1/7/19,2.4,1.78
4025,1/8/19,2.4,1.82
4026,1/9/19,2.4,1.83
4027,1/10/19,2.4,1.81
4028,1/11/19,2.4,1.83
4031,1/14/19,2.4,1.81
4032,1/15/19,2.4,1.81
4033,1/16/19,2.4,1.82
4034,1/17/19,2.4,1.79
4035,1/18/19,2.4,1.83
4038,1/21/19,2.4,.
4039,1/22/19,2.4,1.79
4040,1/23/19,2.4,1.8
4041,1/24/19,2.4,1.77
4042,1/25/19,2.4,1.79
4045,1/28/19,2.4,1.78
4046,1/29/19,2.4,1.78
4047,1/30/19,2.4,1.84
4048,1/31/19,2.4,1.85
4049,2/1/19,2.4,1.88
4052,2/4/19,2.4,1.87
4053,2/5/19,2.4,1.87
4054,2/6/19,2.4,1.86
4055,2/7/19,2.4,1.84
4056,2/8/19,2.4,1.82
4059,2/11/19,2.4,1.82
4060,2/12/19,2.4,1.83
4061,2/13/19,2.4,1.86
4062,2/14/19,2.4,1.85
4063,2/15/19,2.4,1.86
4066,2/18/19,2.4,.
4067,2/19/19,2.4,1.87
4068,2/20/19,2.4,1.89
4069,2/21/19,2.4,1.91
4070,2/22/19,2.4,1.91
4073,2/25/19,2.4,1.92
4074,2/26/19,2.4,1.92
4075,2/27/19,2.4,1.93
4076,2/28/19,2.4,1.95
4077,3/1/19,2.4,1.96
4080,3/4/19,2.4,1.94
4081,3/5/19,2.4,1.93
4082,3/6/19,2.4,1.91
4083,3/7/19,2.4,1.9
4084,3/8/19,2.4,1.9
4087,3/11/19,2.4,1.91
4088,3/12/19,2.4,1.9
4089,3/13/19,2.4,1.92
4090,3/14/19,2.4,1.94
4091,3/15/19,2.4,1.94
4094,3/18/19,2.4,1.96
4095,3/19/19,2.4,1.95
4096,3/20/19,2.41,1.96
4097,3/21/19,2.41,1.96
4098,3/22/19,2.41,1.9
4101,3/25/19,2.4,1.88
4102,3/26/19,2.4,1.86
4103,3/27/19,2.41,1.84
4104,3/28/19,2.41,1.83
4105,3/29/19,2.43,1.88
4108,4/1/19,2.41,1.9
4109,4/2/19,2.41,1.9
4110,4/3/19,2.41,1.91
4111,4/4/19,2.41,1.9
4112,4/5/19,2.41,1.9
4115,4/8/19,2.41,1.91
4116,4/9/19,2.41,1.91
4117,4/10/19,2.41,1.94
4118,4/11/19,2.41,1.94
4119,4/12/19,2.41,1.95
4122,4/15/19,2.41,1.94
4123,4/16/19,2.41,1.96
4124,4/17/19,2.42,1.94
4125,4/18/19,2.43,1.95
4126,4/19/19,2.44,.
4129,4/22/19,2.44,1.95
4130,4/23/19,2.44,1.95
4131,4/24/19,2.44,1.96
4132,4/25/19,2.44,1.98
4133,4/26/19,2.44,1.97
4136,4/29/19,2.45,1.96
4137,4/30/19,2.45,1.95
4138,5/1/19,2.45,1.93
4139,5/2/19,2.41,1.89
4140,5/3/19,2.4,1.91
4143,5/6/19,2.4,1.91
4144,5/7/19,2.4,1.87
4145,5/8/19,2.39,1.87
4146,5/9/19,2.38,1.85
4147,5/10/19,2.38,1.88
4150,5/13/19,2.38,1.85
4151,5/14/19,2.38,1.86
4152,5/15/19,2.4,1.83
4153,5/16/19,2.39,1.84
4154,5/17/19,2.39,1.81
4157,5/20/19,2.39,1.81
4158,5/21/19,2.39,1.83
4159,5/22/19,2.38,1.79
4160,5/23/19,2.38,1.73
4161,5/24/19,2.38,1.76
4164,5/27/19,2.38,.
4165,5/28/19,2.39,1.73
4166,5/29/19,2.39,1.75
4167,5/30/19,2.39,1.74
4168,5/31/19,2.4,1.74
4171,6/3/19,2.38,1.73
4172,6/4/19,2.38,1.74
4173,6/5/19,2.38,1.75
4174,6/6/19,2.37,1.73
4175,6/7/19,2.37,1.74
4178,6/10/19,2.37,1.73
4179,6/11/19,2.37,1.72
4180,6/12/19,2.37,1.71
4181,6/13/19,2.37,1.68
4182,6/14/19,2.36,1.63
4185,6/17/19,2.38,1.61
4186,6/18/19,2.37,1.64
4187,6/19/19,2.37,1.67
4188,6/20/19,2.37,1.74
4189,6/21/19,2.38,1.73
4192,6/24/19,2.38,1.71
4193,6/25/19,2.38,1.67
4194,6/26/19,2.38,1.7
4195,6/27/19,2.38,1.68
4196,6/28/19,2.4,1.69
4199,7/1/19,2.39,1.69
4200,7/2/19,2.4,1.65
4201,7/3/19,2.41,1.65
4202,7/4/19,2.41,.
4203,7/5/19,2.42,1.69
4206,7/8/19,2.41,1.7
4207,7/9/19,2.41,1.71
4208,7/10/19,2.41,1.74
4209,7/11/19,2.4,1.77
4210,7/12/19,2.38,1.77
4213,7/15/19,2.4,1.77
4214,7/16/19,2.41,1.8
4215,7/17/19,2.41,1.75
4216,7/18/19,2.41,1.79
4217,7/19/19,2.41,1.8
4220,7/22/19,2.4,1.79
4221,7/23/19,2.4,1.81
4222,7/24/19,2.4,1.79
4223,7/25/19,2.4,1.8
4224,7/26/19,2.4,1.78
4227,7/29/19,2.4,1.77
4228,7/30/19,2.39,1.78
4229,7/31/19,2.4,1.76
4230,8/1/19,2.14,1.7
4231,8/2/19,2.14,1.66
4234,8/5/19,2.13,1.6
4235,8/6/19,2.13,1.62
4236,8/7/19,2.12,1.62
4237,8/8/19,2.12,1.65
4238,8/9/19,2.12,1.66
4241,8/12/19,2.12,1.61
4242,8/13/19,2.12,1.63
4243,8/14/19,2.12,1.57
4244,8/15/19,2.13,1.54
4245,8/16/19,2.13,1.54
4248,8/19/19,2.13,1.56
4249,8/20/19,2.13,1.53
4250,8/21/19,2.12,1.54
4251,8/22/19,2.12,1.55
4252,8/23/19,2.12,1.54
4255,8/26/19,2.12,1.54
4256,8/27/19,2.12,1.55
4257,8/28/19,2.12,1.55
4258,8/29/19,2.12,1.59
4259,8/30/19,2.13,1.55
4262,9/2/19,2.13,.
4263,9/3/19,2.13,1.5
4264,9/4/19,2.13,1.51
4265,9/5/19,2.13,1.56
4266,9/6/19,2.12,1.54
4269,9/9/19,2.13,1.57
4270,9/10/19,2.13,1.6
4271,9/11/19,2.13,1.6
4272,9/12/19,2.13,1.63
4273,9/13/19,2.14,1.67
4276,9/16/19,2.25,1.67
4277,9/17/19,2.3,1.66
4278,9/18/19,2.25,1.59
4279,9/19/19,1.9,1.61
4280,9/20/19,1.9,1.61
4283,9/23/19,1.9,1.61
4284,9/24/19,1.9,1.58
4285,9/25/19,1.9,1.6
4286,9/26/19,1.85,1.57
4287,9/27/19,1.83,1.53
4290,9/30/19,1.9,1.53
4291,10/1/19,1.88,1.52
4292,10/2/19,1.85,1.5
4293,10/3/19,1.83,1.48
4294,10/4/19,1.82,1.5
4297,10/7/19,1.82,1.51
4298,10/8/19,1.82,1.48
4299,10/9/19,1.82,1.49
4300,10/10/19,1.82,1.52
4301,10/11/19,1.82,1.56
4304,10/14/19,1.82,.
4305,10/15/19,1.9,1.56
4306,10/16/19,1.9,1.57
4307,10/17/19,1.85,1.59
4308,10/18/19,1.85,1.6
4311,10/21/19,1.85,1.61
4312,10/22/19,1.85,1.61
4313,10/23/19,1.85,1.61
4314,10/24/19,1.85,1.62
4315,10/25/19,1.83,1.65
4318,10/28/19,1.83,1.64
4319,10/29/19,1.82,1.61
4320,10/30/19,1.82,1.57
4321,10/31/19,1.58,1.54
4322,11/1/19,1.57,1.59
4325,11/4/19,1.56,1.64
4326,11/5/19,1.56,1.68
4327,11/6/19,1.55,1.66
4328,11/7/19,1.55,1.69
4329,11/8/19,1.55,1.71
4332,11/11/19,1.55,.
4333,11/12/19,1.55,1.7
4334,11/13/19,1.55,1.66
4335,11/14/19,1.55,1.62
4336,11/15/19,1.55,1.63
4339,11/18/19,1.55,1.63
4340,11/19/19,1.55,1.63
4341,11/20/19,1.55,1.6
4342,11/21/19,1.55,1.63
4343,11/22/19,1.55,1.62
4346,11/25/19,1.55,1.62
4347,11/26/19,1.55,1.62
4348,11/27/19,1.55,1.63
4349,11/28/19,1.55,.
4350,11/29/19,1.56,1.61
4353,12/2/19,1.56,1.65
4354,12/3/19,1.55,1.63
4355,12/4/19,1.55,1.66
4356,12/5/19,1.55,1.67
4357,12/6/19,1.55,1.69
4360,12/9/19,1.55,1.69
4361,12/10/19,1.55,1.71
4362,12/11/19,1.55,1.69
4363,12/12/19,1.55,1.72
4364,12/13/19,1.55,1.7
4367,12/16/19,1.56,1.73
4368,12/17/19,1.55,1.75
4369,12/18/19,1.55,1.76
4370,12/19/19,1.55,1.77
4371,12/20/19,1.55,1.77
4374,12/23/19,1.55,1.75
4375,12/24/19,1.55,1.75
4376,12/25/19,1.55,.
4377,12/26/19,1.55,1.74
4378,12/27/19,1.55,1.73
4381,12/30/19,1.55,1.75
4382,12/31/19,1.55,1.77
4383,1/1/20,1.55,.
4384,1/2/20,1.55,1.8
4385,1/3/20,1.55,1.77
4388,1/6/20,1.55,1.75
4389,1/7/20,1.55,1.74
4390,1/8/20,1.55,1.75
4391,1/9/20,1.55,1.74
4392,1/10/20,1.54,1.76
4395,1/13/20,1.54,1.77
4396,1/14/20,1.54,1.77
4397,1/15/20,1.54,1.75
4398,1/16/20,1.54,1.74
4399,1/17/20,1.55,1.75
4402,1/20/20,1.55,.
4403,1/21/20,1.55,1.74
4404,1/22/20,1.55,1.72
4405,1/23/20,1.55,1.7
4406,1/24/20,1.55,1.68
4409,1/27/20,1.55,1.63
4410,1/28/20,1.55,1.65
4411,1/29/20,1.55,1.64
4412,1/30/20,1.6,1.64
4413,1/31/20,1.59,1.65
4416,2/3/20,1.59,1.63
4417,2/4/20,1.59,1.64
4418,2/5/20,1.59,1.66
4419,2/6/20,1.59,1.67
4420,2/7/20,1.58,1.66
4423,2/10/20,1.58,1.66
4424,2/11/20,1.58,1.65
4425,2/12/20,1.58,1.66
4426,2/13/20,1.58,1.67
4427,2/14/20,1.58,1.66
4430,2/17/20,1.58,.
4431,2/18/20,1.59,1.65
4432,2/19/20,1.59,1.65
4433,2/20/20,1.59,1.63
4434,2/21/20,1.58,1.61
4437,2/24/20,1.58,1.59
4438,2/25/20,1.58,1.53
4439,2/26/20,1.58,1.54
4440,2/27/20,1.58,1.53
4441,2/28/20,1.58,1.41
4444,3/2/20,1.59,1.41
4445,3/3/20,1.59,1.45
4446,3/4/20,1.09,1.46
4447,3/5/20,1.09,1.4
4448,3/6/20,1.09,1.31
4451,3/9/20,1.09,0.99
4452,3/10/20,1.09,1
4453,3/11/20,1.09,0.96
4454,3/12/20,1.1,0.92
4455,3/13/20,1.1,0.9
4458,3/16/20,0.25,0.73
4459,3/17/20,0.25,0.63
4460,3/18/20,0.25,0.63
4461,3/19/20,0.2,0.5
4462,3/20/20,0.15,0.75
4465,3/23/20,0.15,0.8
4466,3/24/20,0.12,0.97
4467,3/25/20,0.1,1.07
4468,3/26/20,0.1,1.07
4469,3/27/20,0.1,0.94
4472,3/30/20,0.09,0.95
4473,3/31/20,0.08,0.87
4474,4/1/20,0.06,0.91
4475,4/2/20,0.05,1.03
4476,4/3/20,0.05,1.08
4479,4/6/20,0.05,1.14
4480,4/7/20,0.05,1.17
4481,4/8/20,0.05,1.19
4482,4/9/20,0.05,1.23
4483,4/10/20,0.05,.
4486,4/13/20,0.05,1.26
4487,4/14/20,0.05,1.29
4488,4/15/20,0.05,1.19
4489,4/16/20,0.05,1.03
4490,4/17/20,0.05,1.01
4493,4/20/20,0.05,0.94
4494,4/21/20,0.05,0.96
4495,4/22/20,0.05,1.06
4496,4/23/20,0.04,1.05
4497,4/24/20,0.05,1.11
4500,4/27/20,0.04,1.17
4501,4/28/20,0.04,1.14
4502,4/29/20,0.04,1.14
4503,4/30/20,0.05,1.07
4504,5/1/20,0.05,1.06
4507,5/4/20,0.05,1.07
4508,5/5/20,0.05,1.1
4509,5/6/20,0.05,1.1
4510,5/7/20,0.05,1.08
4511,5/8/20,0.05,1.12
4514,5/11/20,0.05,1.13
4515,5/12/20,0.05,1.09
4516,5/13/20,0.05,1.07
4517,5/14/20,0.05,1.06
4518,5/15/20,0.05,1.09
4521,5/18/20,0.05,1.17
4522,5/19/20,0.05,1.15
4523,5/20/20,0.05,1.16
4524,5/21/20,0.05,1.14
4525,5/22/20,0.05,1.12
4528,5/25/20,0.05,.
4529,5/26/20,0.05,1.13
4530,5/27/20,0.05,1.14
4531,5/28/20,0.05,1.18
4532,5/29/20,0.05,1.15
4535,6/1/20,0.05,1.18
4536,6/2/20,0.06,1.18
4537,6/3/20,0.06,1.21
4538,6/4/20,0.06,1.22
4539,6/5/20,0.07,1.27
4542,6/8/20,0.07,1.28
4543,6/9/20,0.07,1.26
4544,6/10/20,0.08,1.27
4545,6/11/20,0.08,1.21
4546,6/12/20,0.08,1.21
4549,6/15/20,0.09,1.23
4550,6/16/20,0.09,1.27
4551,6/17/20,0.09,1.26
4552,6/18/20,0.09,1.28
4553,6/19/20,0.09,1.3
4556,6/22/20,0.08,1.34
4557,6/23/20,0.08,1.38
4558,6/24/20,0.08,1.33
4559,6/25/20,0.08,1.33
4560,6/26/20,0.08,1.32
4563,6/29/20,0.08,1.34
4564,6/30/20,0.08,1.34
4565,7/1/20,0.08,1.37
4566,7/2/20,0.09,1.41
4567,7/3/20,0.09,.
4570,7/6/20,0.09,1.45
4571,7/7/20,0.09,1.43
4572,7/8/20,0.09,1.42
4573,7/9/20,0.09,1.39
4574,7/10/20,0.09,1.41
4577,7/13/20,0.09,1.42
4578,7/14/20,0.09,1.41
4579,7/15/20,0.1,1.41
4580,7/16/20,0.1,1.41
4581,7/17/20,0.09,1.46
4584,7/20/20,0.1,1.46
4585,7/21/20,0.1,1.48
4586,7/22/20,0.09,1.48
4587,7/23/20,0.09,1.49
4588,7/24/20,0.09,1.51
4591,7/27/20,0.1,1.52
4592,7/28/20,0.1,1.51
4593,7/29/20,0.1,1.53
4594,7/30/20,0.1,1.52
4595,7/31/20,0.1,1.55
4598,8/3/20,0.1,1.58
4599,8/4/20,0.1,1.57
4600,8/5/20,0.1,1.61
4601,8/6/20,0.1,1.63
4602,8/7/20,0.1,1.61
4605,8/10/20,0.1,1.61
4606,8/11/20,0.1,1.63
4607,8/12/20,0.1,1.67
4608,8/13/20,0.1,1.67
4609,8/14/20,0.1,1.65
4612,8/17/20,0.1,1.66
4613,8/18/20,0.09,1.68
4614,8/19/20,0.09,1.67
4615,8/20/20,0.09,1.62
4616,8/21/20,0.09,1.64
4619,8/24/20,0.09,1.67
4620,8/25/20,0.09,1.7
4621,8/26/20,0.09,1.72
4622,8/27/20,0.08,1.73
4623,8/28/20,0.09,1.77
4626,8/31/20,0.09,1.8
4627,9/1/20,0.09,1.76
4628,9/2/20,0.09,1.73
4629,9/3/20,0.09,1.65
4630,9/4/20,0.09,1.7
4633,9/7/20,0.09,.
4634,9/8/20,0.09,1.68
4635,9/9/20,0.09,1.71
4636,9/10/20,0.09,1.69
4637,9/11/20,0.09,1.65
4640,9/14/20,0.09,1.65
4641,9/15/20,0.09,1.67
4642,9/16/20,0.09,1.68
4643,9/17/20,0.09,1.66
4644,9/18/20,0.09,1.67
4647,9/21/20,0.09,1.62
4648,9/22/20,0.09,1.62
4649,9/23/20,0.09,1.6
4650,9/24/20,0.09,1.58
4651,9/25/20,0.09,1.58
4654,9/28/20,0.09,1.61
4655,9/29/20,0.09,1.64
4656,9/30/20,0.09,1.63
4657,10/1/20,0.09,1.63
4658,10/2/20,0.09,1.64
4661,10/5/20,0.09,1.68
4662,10/6/20,0.09,1.66
4663,10/7/20,0.09,1.71
4664,10/8/20,0.09,1.72
4665,10/9/20,0.09,1.73
4668,10/12/20,0.09,.
4669,10/13/20,0.09,1.7
4670,10/14/20,0.09,1.69
4671,10/15/20,0.09,1.69
4672,10/16/20,0.09,1.71
4675,10/19/20,0.09,1.71
4676,10/20/20,0.09,1.72
4677,10/21/20,0.09,1.74
4678,10/22/20,0.09,1.76
4679,10/23/20,0.09,1.75
4682,10/26/20,0.09,1.72
4683,10/27/20,0.09,1.71
4684,10/28/20,0.09,1.7
4685,10/29/20,0.09,1.71
4686,10/30/20,0.09,1.7
4689,11/2/20,0.09,1.71
4690,11/3/20,0.09,1.72
4691,11/4/20,0.09,1.64
4692,11/5/20,0.09,1.66
4693,11/6/20,0.09,1.65
4696,11/9/20,0.09,1.73
4697,11/10/20,0.09,1.76
4698,11/11/20,0.09,.
4699,11/12/20,0.09,1.71
4700,11/13/20,0.09,1.72
4703,11/16/20,0.09,1.72
4704,11/17/20,0.09,1.7
4705,11/18/20,0.09,1.7
4706,11/19/20,0.08,1.7
4707,11/20/20,0.08,1.69
4710,11/23/20,0.08,1.71
4711,11/24/20,0.08,1.74
4712,11/25/20,0.08,1.75
4713,11/26/20,0.08,.
4714,11/27/20,0.08,1.75
4717,11/30/20,0.09,1.77
4718,12/1/20,0.09,1.81
4719,12/2/20,0.09,1.85
4720,12/3/20,0.09,1.86
4721,12/4/20,0.09,1.89
4724,12/7/20,0.09,1.88
4725,12/8/20,0.09,1.89
4726,12/9/20,0.09,1.91
4727,12/10/20,0.09,1.88
4728,12/11/20,0.09,1.87
4731,12/14/20,0.09,1.88
4732,12/15/20,0.09,1.91
4733,12/16/20,0.09,1.92
4734,12/17/20,0.09,1.94
4735,12/18/20,0.09,1.95
4738,12/21/20,0.09,1.95
4739,12/22/20,0.09,1.94
4740,12/23/20,0.09,1.97
4741,12/24/20,0.09,1.97
4742,12/25/20,0.09,.
4745,12/28/20,0.09,1.97
4746,12/29/20,0.09,1.96
4747,12/30/20,0.09,1.96
4748,12/31/20,0.09,1.99
4749,1/1/21,0.09,.
4752,1/4/21,0.09,2.01
4753,1/5/21,0.09,2.03
4754,1/6/21,0.09,2.06
4755,1/7/21,0.09,2.09
4756,1/8/21,0.09,2.06
4759,1/11/21,0.09,2.06
4760,1/12/21,0.09,2.08
4761,1/13/21,0.09,2.06
4762,1/14/21,0.09,2.09
4763,1/15/21,0.09,2.1
4766,1/18/21,0.09,.
4767,1/19/21,0.09,2.1
4768,1/20/21,0.09,2.12
4769,1/21/21,0.08,2.1
4770,1/22/21,0.08,2.09
4773,1/25/21,0.08,2.08
4774,1/26/21,0.08,2.08
4775,1/27/21,0.08,2.08
4776,1/28/21,0.07,2.13
4777,1/29/21,0.07,2.13
4780,2/1/21,0.08,2.11
4781,2/2/21,0.08,2.15
4782,2/3/21,0.08,2.19
4783,2/4/21,0.08,2.17
4784,2/5/21,0.08,2.21
4787,2/8/21,0.07,2.22
4788,2/9/21,0.08,2.22
4789,2/10/21,0.08,2.21
4790,2/11/21,0.08,2.2
4791,2/12/21,0.08,2.21
4794,2/15/21,0.08,.
4795,2/16/21,0.08,2.24
4796,2/17/21,0.08,2.21
4797,2/18/21,0.07,2.16
4798,2/19/21,0.07,2.14
4801,2/22/21,0.07,2.16
4802,2/23/21,0.07,2.16
4803,2/24/21,0.07,2.17
4804,2/25/21,0.07,2.14
4805,2/26/21,0.07,2.15
4808,3/1/21,0.07,2.16
4809,3/2/21,0.07,2.2
4810,3/3/21,0.07,2.21
4811,3/4/21,0.07,2.2
4812,3/5/21,0.07,2.22
4815,3/8/21,0.07,2.21
4816,3/9/21,0.07,2.21
4817,3/10/21,0.07,2.26
4818,3/11/21,0.07,2.28
4819,3/12/21,0.07,2.26
4822,3/15/21,0.07,2.27
4823,3/16/21,0.07,2.3
4824,3/17/21,0.07,2.3
4825,3/18/21,0.07,2.27
4826,3/19/21,0.07,2.31
4829,3/22/21,0.07,2.33
4830,3/23/21,0.07,2.29
4831,3/24/21,0.07,2.31
4832,3/25/21,0.07,2.32
4833,3/26/21,0.07,2.34
4836,3/29/21,0.07,2.36
4837,3/30/21,0.07,2.35
4838,3/31/21,0.06,2.37
4839,4/1/21,0.07,2.35
4840,4/2/21,0.07,2.36
4843,4/5/21,0.07,2.35
4844,4/6/21,0.07,2.32
4845,4/7/21,0.07,2.34
4846,4/8/21,0.07,2.33
4847,4/9/21,0.07,2.31
4850,4/12/21,0.07,2.33
4851,4/13/21,0.07,2.33
4852,4/14/21,0.07,2.33
4853,4/15/21,0.07,2.33
4854,4/16/21,0.07,2.36
4857,4/19/21,0.07,2.34
4858,4/20/21,0.07,2.32
4859,4/21/21,0.07,2.33
4860,4/22/21,0.07,2.33
4861,4/23/21,0.07,2.34
4864,4/26/21,0.07,2.36
4865,4/27/21,0.07,2.39
4866,4/28/21,0.07,2.41
4867,4/29/21,0.06,2.42
4868,4/30/21,0.05,2.41
4871,5/3/21,0.06,2.42
4872,5/4/21,0.06,2.42
4873,5/5/21,0.06,2.47
4874,5/6/21,0.06,2.45
4875,5/7/21,0.06,2.49
4878,5/10/21,0.06,2.54
4879,5/11/21,0.06,2.53
4880,5/12/21,0.06,2.54
4881,5/13/21,0.06,2.51
4882,5/14/21,0.06,2.51
4885,5/17/21,0.06,2.54
4886,5/18/21,0.06,2.52
4887,5/19/21,0.06,2.48
4888,5/20/21,0.06,2.41
4889,5/21/21,0.06,2.43
4892,5/24/21,0.06,2.44
4893,5/25/21,0.06,2.42
4894,5/26/21,0.06,2.4
4895,5/27/21,0.06,2.42
4896,5/28/21,0.05,2.42
4899,5/31/21,0.05,.
4900,6/1/21,0.06,2.46
4901,6/2/21,0.06,2.44
4902,6/3/21,0.06,2.42
4903,6/4/21,0.06,2.4
4906,6/7/21,0.06,2.39
4907,6/8/21,0.06,2.36
4908,6/9/21,0.06,2.32
4909,6/10/21,0.06,2.35
4910,6/11/21,0.06,2.32
4913,6/14/21,0.06,2.36
4914,6/15/21,0.06,2.38
4915,6/16/21,0.06,2.32
4916,6/17/21,0.1,2.27
4917,6/18/21,0.1,2.24
4920,6/21/21,0.1,2.25
4921,6/22/21,0.1,2.31
4922,6/23/21,0.1,2.34
4923,6/24/21,0.1,2.3
4924,6/25/21,0.1,2.34
4927,6/28/21,0.1,2.33
4928,6/29/21,0.1,2.32
4929,6/30/21,0.08,2.32
4930,7/1/21,0.1,2.35
4931,7/2/21,0.1,2.33
4934,7/5/21,0.1,.
4935,7/6/21,0.1,2.31
4936,7/7/21,0.1,2.28
4937,7/8/21,0.1,2.22
4938,7/9/21,0.1,2.28
4941,7/12/21,0.1,2.33
4942,7/13/21,0.1,2.36
4943,7/14/21,0.1,2.34
4944,7/15/21,0.1,2.32
4945,7/16/21,0.1,2.33
4948,7/19/21,0.1,2.24
4949,7/20/21,0.1,2.26
4950,7/21/21,0.1,2.28
4951,7/22/21,0.1,2.28
4952,7/23/21,0.1,2.35
4955,7/26/21,0.1,2.4
4956,7/27/21,0.1,2.38
4957,7/28/21,0.1,2.41
4958,7/29/21,0.1,2.43
4959,7/30/21,0.07,2.4
4962,8/2/21,0.1,2.37
4963,8/3/21,0.1,2.38
4964,8/4/21,0.1,2.35
4965,8/5/21,0.1,2.33
4966,8/6/21,0.1,2.37
4969,8/9/21,0.1,2.37
4970,8/10/21,0.1,2.4
4971,8/11/21,0.1,2.42
4972,8/12/21,0.1,2.41
4973,8/13/21,0.1,2.37
4976,8/16/21,0.1,2.36
4977,8/17/21,0.1,2.33
4978,8/18/21,0.09,2.32
4979,8/19/21,0.09,2.28
4980,8/20/21,0.09,2.27
4983,8/23/21,0.09,2.27
4984,8/24/21,0.09,2.3
4985,8/25/21,0.09,2.35
4986,8/26/21,0.09,2.33
4987,8/27/21,0.08,2.39
4990,8/30/21,0.08,2.37
4991,8/31/21,0.06,2.33
4992,9/1/21,0.08,2.34
4993,9/2/21,0.08,2.32
4994,9/3/21,0.08,2.34
4997,9/6/21,0.08,.
4998,9/7/21,0.08,2.36
4999,9/8/21,0.08,2.38
5000,9/9/21,0.08,2.38
5001,9/10/21,0.08,2.4
5004,9/13/21,0.08,2.37
5005,9/14/21,0.08,2.33
5006,9/15/21,0.08,2.35
5007,9/16/21,0.08,2.35
5008,9/17/21,0.08,2.33
5011,9/20/21,0.08,2.29
5012,9/21/21,0.08,2.29
5013,9/22/21,0.08,2.28
5014,9/23/21,0.08,2.31
5015,9/24/21,0.08,2.34
5018,9/27/21,0.08,2.35
5019,9/28/21,0.08,2.38
5020,9/29/21,0.08,2.37
5021,9/30/21,0.06,2.37
5022,10/1/21,0.08,2.38
5025,10/4/21,0.08,2.38
5026,10/5/21,0.08,2.45
5027,10/6/21,0.08,2.43
5028,10/7/21,0.08,2.46
5029,10/8/21,0.08,2.5
5032,10/11/21,0.08,.
5033,10/12/21,0.08,2.49
5034,10/13/21,0.08,2.52
5035,10/14/21,0.08,2.52
5036,10/15/21,0.08,2.56
5039,10/18/21,0.08,2.54
5040,10/19/21,0.08,2.54
5041,10/20/21,0.08,2.57
5042,10/21/21,0.08,2.64
5043,10/22/21,0.08,2.64
5046,10/25/21,0.08,2.66
5047,10/26/21,0.08,2.69
5048,10/27/21,0.08,2.65
5049,10/28/21,0.08,2.57
5050,10/29/21,0.07,2.51
5053,11/1/21,0.08,2.5
5054,11/2/21,0.08,2.51
5055,11/3/21,0.08,2.53
5056,11/4/21,0.08,2.56
5057,11/5/21,0.08,2.54
5060,11/8/21,0.08,2.62
5061,11/9/21,0.08,2.63
5062,11/10/21,0.08,2.7
5063,11/11/21,0.08,.
5064,11/12/21,0.08,2.73
5067,11/15/21,0.08,2.76
5068,11/16/21,0.08,2.73
5069,11/17/21,0.08,2.7
5070,11/18/21,0.08,2.73
5071,11/19/21,0.08,2.65
5074,11/22/21,0.08,2.61
5075,11/23/21,0.08,2.62
5076,11/24/21,0.08,2.61
5077,11/25/21,0.08,.
5078,11/26/21,0.08,2.55
5081,11/29/21,0.08,2.54
5082,11/30/21,0.07,2.5
5083,12/1/21,0.08,2.44
5084,12/2/21,0.08,2.47
5085,12/3/21,0.08,2.43
5088,12/6/21,0.08,2.44
5089,12/7/21,0.08,2.47
5090,12/8/21,0.08,2.52
5091,12/9/21,0.08,2.47
5092,12/10/21,0.08,2.44
5095,12/13/21,0.08,2.4
5096,12/14/21,0.08,2.37
5097,12/15/21,0.08,2.39
5098,12/16/21,0.08,2.42
5099,12/17/21,0.08,2.38
5102,12/20/21,0.08,2.39
5103,12/21/21,0.08,2.44
5104,12/22/21,0.08,2.47
5105,12/23/21,0.08,2.47
5106,12/24/21,0.08,.
5109,12/27/21,0.08,2.5
5110,12/28/21,0.08,2.5
5111,12/29/21,0.08,2.53
5112,12/30/21,0.08,2.58
5113,12/31/21,0.07,2.56
5116,1/3/22,0.08,2.6
5117,1/4/22,0.08,2.57
5118,1/5/22,0.08,2.53
5119,1/6/22,0.08,2.46
5120,1/7/22,0.08,2.48
5123,1/10/22,0.08,2.48
5124,1/11/22,0.08,2.54
5125,1/12/22,0.08,2.48
5126,1/13/22,0.08,2.43
5127,1/14/22,0.08,2.44
5130,1/17/22,0.08,.
5131,1/18/22,0.08,2.46
5132,1/19/22,0.08,2.4
5133,1/20/22,0.08,2.33
5134,1/21/22,0.08,2.34
5137,1/24/22,0.08,2.38
5138,1/25/22,0.08,2.41
5139,1/26/22,0.08,2.38
5140,1/27/22,0.08,2.4
5141,1/28/22,0.08,2.44
5144,1/31/22,0.08,2.44
5145,2/1/22,0.08,2.43
5146,2/2/22,0.08,2.41
5147,2/3/22,0.08,2.38
5148,2/4/22,0.08,2.41
5151,2/7/22,0.08,2.4
5152,2/8/22,0.08,2.42
5153,2/9/22,0.08,2.42
5154,2/10/22,0.08,2.45
5155,2/11/22,0.08,2.43
5158,2/14/22,0.08,2.48
5159,2/15/22,0.08,2.48
5160,2/16/22,0.08,2.46
5161,2/17/22,0.08,2.43
5162,2/18/22,0.08,2.41
5165,2/21/22,0.08,.
5166,2/22/22,0.08,2.45
5167,2/23/22,0.08,2.53
5168,2/24/22,0.08,2.55
5169,2/25/22,0.08,2.54
5172,2/28/22,0.08,2.62
5173,3/1/22,0.08,2.62
5174,3/2/22,0.08,2.71
5175,3/3/22,0.08,2.69
5176,3/4/22,0.08,2.67
5179,3/7/22,0.08,2.77
5180,3/8/22,0.08,2.9
5181,3/9/22,0.08,2.84
5182,3/10/22,0.08,2.86
5183,3/11/22,0.08,2.94
5186,3/14/22,0.08,2.93
5187,3/15/22,0.08,2.84
5188,3/16/22,0.08,2.8
5189,3/17/22,0.33,2.91
5190,3/18/22,0.33,2.86
5193,3/21/22,0.33,2.9
5194,3/22/22,0.33,2.91
5195,3/23/22,0.33,2.94
5196,3/24/22,0.33,2.92
5197,3/25/22,0.33,2.95
5200,3/28/22,0.33,2.95
5201,3/29/22,0.33,2.86
5202,3/30/22,0.33,2.86
5203,3/31/22,0.33,2.84
5204,4/1/22,0.33,2.8
5207,4/4/22,0.33,2.8
5208,4/5/22,0.33,2.84
5209,4/6/22,0.33,2.83
5210,4/7/22,0.33,2.82
5211,4/8/22,0.33,2.87
5214,4/11/22,0.33,2.91
5215,4/12/22,0.33,2.86
5216,4/13/22,0.33,2.8
5217,4/14/22,0.33,2.89
5218,4/15/22,0.33,.
5221,4/18/22,0.33,2.92
5222,4/19/22,0.33,2.93
5223,4/20/22,0.33,2.92
5224,4/21/22,0.33,3.02
5225,4/22/22,0.33,2.98
5228,4/25/22,0.33,2.91
5229,4/26/22,0.33,2.85
5230,4/27/22,0.33,2.88
5231,4/28/22,0.33,2.97
5232,4/29/22,0.33,2.88
5235,5/2/22,0.33,2.81
5236,5/3/22,0.33,2.83
5237,5/4/22,0.33,2.86
5238,5/5/22,0.83,2.87
5239,5/6/22,0.83,2.86
5242,5/9/22,0.83,2.75
5243,5/10/22,0.83,2.65
5244,5/11/22,0.83,2.7
5245,5/12/22,0.83,2.59
5246,5/13/22,0.83,2.69
5249,5/16/22,0.83,2.68
5250,5/17/22,0.83,2.71
5251,5/18/22,0.83,2.72
5252,5/19/22,0.83,2.59
5253,5/20/22,0.83,2.55
5256,5/23/22,0.83,2.6
5257,5/24/22,0.83,2.55
5258,5/25/22,0.83,2.56
5259,5/26/22,0.83,2.62
5260,5/27/22,0.83,2.63
5263,5/30/22,0.83,.
5264,5/31/22,0.83,2.64
5265,6/1/22,0.83,2.65
5266,6/2/22,0.83,2.66
5267,6/3/22,0.83,2.74
5270,6/6/22,0.83,2.76
5271,6/7/22,0.83,2.73
5272,6/8/22,0.83,2.75
5273,6/9/22,0.83,2.75
5274,6/10/22,0.83,2.76
5277,6/13/22,0.83,2.74
5278,6/14/22,0.83,2.6
5279,6/15/22,0.83,2.7
5280,6/16/22,1.58,2.62
5281,6/17/22,1.58,2.58
5284,6/20/22,1.58,.
5285,6/21/22,1.58,2.61
5286,6/22/22,1.58,2.54
5287,6/23/22,1.58,2.5
5288,6/24/22,1.58,2.56
5291,6/27/22,1.58,2.55
5292,6/28/22,1.58,2.48
5293,6/29/22,1.58,2.36
5294,6/30/22,1.58,2.33
5295,7/1/22,1.58,2.34
5298,7/4/22,1.58,.
5299,7/5/22,1.58,2.3
5300,7/6/22,1.58,2.29
5301,7/7/22,1.58,2.33
5302,7/8/22,1.58,2.37
5305,7/11/22,1.58,2.32
5306,7/12/22,1.58,2.32
5307,7/13/22,1.58,2.31
5308,7/14/22,1.58,2.34
5309,7/15/22,1.58,2.36
5312,7/18/22,1.58,2.37
5313,7/19/22,1.58,2.39
5314,7/20/22,1.58,2.38
5315,7/21/22,1.58,2.33
5316,7/22/22,1.58,2.34
5319,7/25/22,1.58,2.36
5320,7/26/22,1.58,2.36
5321,7/27/22,1.58,2.42
5322,7/28/22,2.33,2.48
5323,7/29/22,2.32,2.53
5326,8/1/22,2.33,2.51
5327,8/2/22,2.33,2.48
5328,8/3/22,2.33,2.5
5329,8/4/22,2.33,2.46
5330,8/5/22,2.33,2.46
5333,8/8/22,2.33,2.48
5334,8/9/22,2.33,2.47
5335,8/10/22,2.33,2.43
5336,8/11/22,2.33,2.47
5337,8/12/22,2.33,2.47
5340,8/15/22,2.33,2.44
5341,8/16/22,2.33,2.44
5342,8/17/22,2.33,2.46
5343,8/18/22,2.33,2.52
5344,8/19/22,2.33,2.55
5347,8/22/22,2.33,2.57
5348,8/23/22,2.33,2.58
5349,8/24/22,2.33,2.62
5350,8/25/22,2.33,2.6
5351,8/26/22,2.33,2.57
5354,8/29/22,2.33,2.58
5355,8/30/22,2.33,2.55
5356,8/31/22,2.33,2.48
5357,9/1/22,2.33,2.45
5358,9/2/22,2.33,2.47
5361,9/5/22,2.33,.
5362,9/6/22,2.33,2.48
5363,9/7/22,2.33,2.45
5364,9/8/22,2.33,2.41
5365,9/9/22,2.33,2.42
5368,9/12/22,2.33,2.42
5369,9/13/22,2.33,2.44
5370,9/14/22,2.33,2.46
5371,9/15/22,2.33,2.43
5372,9/16/22,2.33,2.38
5375,9/19/22,2.33,2.34
5376,9/20/22,2.33,2.4
5377,9/21/22,2.33,2.38
5378,9/22/22,3.08,2.41
5379,9/23/22,3.08,2.37
5382,9/26/22,3.08,2.32
5383,9/27/22,3.08,2.33
5384,9/28/22,3.08,2.33
5385,9/29/22,3.08,2.19
5386,9/30/22,3.08,2.15
5389,10/3/22,3.08,2.24
5390,10/4/22,3.08,2.24
5391,10/5/22,3.08,2.22
5392,10/6/22,3.08,2.22
5393,10/7/22,3.08,2.27
5396,10/10/22,3.08,.
5397,10/11/22,3.08,2.31
5398,10/12/22,3.08,2.29
5399,10/13/22,3.08,2.34
5400,10/14/22,3.08,2.41
5403,10/17/22,3.08,2.45
5404,10/18/22,3.08,2.41
5405,10/19/22,3.08,2.42
5406,10/20/22,3.08,2.51
5407,10/21/22,3.08,2.52
5410,10/24/22,3.08,2.59
5411,10/25/22,3.08,2.51
5412,10/26/22,3.08,2.44
5413,10/27/22,3.08,2.45
5414,10/28/22,3.08,2.51
5417,10/31/22,3.08,2.52
5418,11/1/22,3.08,2.51
5419,11/2/22,3.08,2.53
5420,11/3/22,3.83,2.4
5421,11/4/22,3.83,2.48
5424,11/7/22,3.83,2.53
5425,11/8/22,3.83,2.5
5426,11/9/22,3.83,2.42
5427,11/10/22,3.83,2.39
5428,11/11/22,3.83,.
5431,11/14/22,3.83,2.37
5432,11/15/22,3.83,2.35
5433,11/16/22,3.83,2.29
5434,11/17/22,3.83,2.28
5435,11/18/22,3.83,2.25
5438,11/21/22,3.83,2.31
5439,11/22/22,3.83,2.32
5440,11/23/22,3.83,2.32
5441,11/24/22,3.83,.
5442,11/25/22,3.83,2.32
5445,11/28/22,3.83,2.26
5446,11/29/22,3.83,2.25
5447,11/30/22,3.83,2.34
5448,12/1/22,3.83,2.36
5449,12/2/22,3.83,2.43
5452,12/5/22,3.83,2.39
5453,12/6/22,3.83,2.31
5454,12/7/22,3.83,2.26
5455,12/8/22,3.83,2.28
5456,12/9/22,3.83,2.26
5459,12/12/22,3.83,2.28
5460,12/13/22,3.83,2.24
5461,12/14/22,3.83,2.19
5462,12/15/22,4.33,2.16
5463,12/16/22,4.33,2.13
5466,12/19/22,4.33,2.15
5467,12/20/22,4.33,2.24
5468,12/21/22,4.33,2.27
5469,12/22/22,4.33,2.19
5470,12/23/22,4.33,2.2
5473,12/26/22,4.33,.
5474,12/27/22,4.33,2.26
5475,12/28/22,4.33,2.28
5476,12/29/22,4.33,2.27
5477,12/30/22,4.33,2.3
5480,1/2/23,4.33,.
5481,1/3/23,4.33,2.26
5482,1/4/23,4.33,2.22
5483,1/5/23,4.33,2.22
5484,1/6/23,4.33,2.21
5487,1/9/23,4.33,2.22
5488,1/10/23,4.33,2.24
5489,1/11/23,4.33,2.23
5490,1/12/23,4.33,2.21
5491,1/13/23,4.33,2.18
5494,1/16/23,4.33,.
5495,1/17/23,4.33,2.17
5496,1/18/23,4.33,2.12
5497,1/19/23,4.33,2.2
5498,1/20/23,4.33,2.23
5501,1/23/23,4.33,2.28
5502,1/24/23,4.33,2.27
5503,1/25/23,4.33,2.29
5504,1/26/23,4.33,2.33
5505,1/27/23,4.33,2.33
5508,1/30/23,4.33,2.29
5509,1/31/23,4.33,2.24
5510,2/1/23,4.33,2.25
5511,2/2/23,4.58,2.22
5512,2/3/23,4.58,2.22
5515,2/6/23,4.58,2.25
5516,2/7/23,4.58,2.31
5517,2/8/23,4.58,2.34
5518,2/9/23,4.57,2.33
5519,2/10/23,4.58,2.33
5522,2/13/23,4.58,2.31
5523,2/14/23,4.58,2.31
5524,2/15/23,4.58,2.35
5525,2/16/23,4.58,2.37
5526,2/17/23,4.58,2.36
5529,2/20/23,4.58,.
5530,2/21/23,4.58,2.42
5531,2/22/23,4.58,2.41
5532,2/23/23,4.58,2.39
5533,2/24/23,4.58,2.38
5536,2/27/23,4.57,2.36
5537,2/28/23,4.57,2.43
5538,3/1/23,4.58,2.44
5539,3/2/23,4.57,2.48
5540,3/3/23,4.57,2.52
5543,3/6/23,4.57,2.49
5544,3/7/23,4.57,2.38
5545,3/8/23,4.57,2.32
5546,3/9/23,4.57,2.3
5547,3/10/23,4.57,2.26
5550,3/13/23,4.58,2.24
5551,3/14/23,4.58,2.31
5552,3/15/23,4.58,2.29
5553,3/16/23,4.58,2.22
5554,3/17/23,4.58,2.1
5557,3/20/23,4.58,2.14
5558,3/21/23,4.58,2.23
5559,3/22/23,4.58,2.28
5560,3/23/23,4.83,2.19
5561,3/24/23,4.83,2.22
5564,3/27/23,4.83,2.24
5565,3/28/23,4.83,2.31
5566,3/29/23,4.83,2.33
5567,3/30/23,4.83,2.34
5568,3/31/23,4.83,2.32
5571,4/3/23,4.83,2.29
5572,4/4/23,4.83,2.25
5573,4/5/23,4.83,2.23
5574,4/6/23,4.83,2.24
5575,4/7/23,4.83,2.25
5578,4/10/23,4.83,2.27
5579,4/11/23,4.83,2.29
5580,4/12/23,4.83,2.27
5581,4/13/23,4.83,2.29
5582,4/14/23,4.83,2.3
5585,4/17/23,4.83,2.32
5586,4/18/23,4.83,2.28
5587,4/19/23,4.83,2.28
5588,4/20/23,4.83,2.26
5589,4/21/23,4.83,2.28
5592,4/24/23,4.83,2.28
5593,4/25/23,4.83,2.25
5594,4/26/23,4.83,2.25
5595,4/27/23,4.83,2.27
5596,4/28/23,4.83,2.18
5599,5/1/23,4.83,2.23
5600,5/2/23,4.83,2.2
5601,5/3/23,4.83,2.2
5602,5/4/23,5.08,2.19
5603,5/5/23,5.08,2.21
5606,5/8/23,5.08,2.23
5607,5/9/23,5.08,2.23
5608,5/10/23,5.08,2.17
5609,5/11/23,5.08,2.16
5610,5/12/23,5.08,2.18
5613,5/15/23,5.08,2.19
5614,5/16/23,5.08,2.19
5615,5/17/23,5.08,2.22
5616,5/18/23,5.08,2.23
5617,5/19/23,5.08,2.24
5620,5/22/23,5.08,2.24
5621,5/23/23,5.08,2.26
5622,5/24/23,5.08,2.25
5623,5/25/23,5.08,2.25
5624,5/26/23,5.08,2.23
5627,5/29/23,5.08,.
5628,5/30/23,5.08,2.22
5629,5/31/23,5.08,2.18
5630,6/1/23,5.08,2.16
5631,6/2/23,5.08,2.18
5634,6/5/23,5.08,2.19
5635,6/6/23,5.08,2.2
5636,6/7/23,5.08,2.21
5637,6/8/23,5.08,2.2
5638,6/9/23,5.08,2.2
5641,6/12/23,5.08,2.17
5642,6/13/23,5.08,2.2
5643,6/14/23,5.08,2.21
5644,6/15/23,5.07,2.21
5645,6/16/23,5.08,2.22
5648,6/19/23,5.08,.
5649,6/20/23,5.07,2.22
5650,6/21/23,5.07,2.21
5651,6/22/23,5.07,2.24
5652,6/23/23,5.07,2.21
5655,6/26/23,5.07,2.18
5656,6/27/23,5.07,2.2
5657,6/28/23,5.07,2.18
5658,6/29/23,5.07,2.2
5659,6/30/23,5.08,2.22
5662,7/3/23,5.08,2.25
5663,7/4/23,5.08,.
5664,7/5/23,5.08,2.26
5665,7/6/23,5.08,2.27
5666,7/7/23,5.08,2.27
5669,7/10/23,5.07,2.25
5670,7/11/23,5.08,2.24
5671,7/12/23,5.08,2.26
5672,7/13/23,5.08,2.24
5673,7/14/23,5.08,2.24
5676,7/17/23,5.08,2.25
5677,7/18/23,5.08,2.23
5678,7/19/23,5.08,2.22
5679,7/20/23,5.08,2.35
5680,7/21/23,5.08,2.35
5683,7/24/23,5.08,2.38
5684,7/25/23,5.08,2.39
5685,7/26/23,5.08,2.36
5686,7/27/23,5.33,2.37
5687,7/28/23,5.33,2.38
5690,7/31/23,5.33,2.37
5691,8/1/23,5.33,2.37
5692,8/2/23,5.33,2.36
5693,8/3/23,5.33,2.37
5694,8/4/23,5.33,2.38
5697,8/7/23,5.33,2.41
5698,8/8/23,5.33,2.36
5699,8/9/23,5.33,2.34
5700,8/10/23,5.33,2.33
5701,8/11/23,5.33,2.36
5704,8/14/23,5.33,2.36
5705,8/15/23,5.33,2.32
5706,8/16/23,5.33,2.32
5707,8/17/23,5.33,2.33
5708,8/18/23,5.33,2.32
5711,8/21/23,5.33,2.34
5712,8/22/23,5.33,2.35
